frame_id,hand_id,hand_type,finger_id,finger_name,bone_name,start_x,start_y,start_z,end_x,end_y,end_z
43359,36,right,0,Thumb,Metacarpal,45.87,143.00,-25.78,45.87,143.00,-25.78
43359,36,right,0,Thumb,Proximal,45.87,143.00,-25.78,51.69,141.45,-72.96
43359,36,right,0,Thumb,Intermediate,51.69,141.45,-72.96,53.45,141.54,-99.29
43359,36,right,0,Thumb,Distal,53.45,141.54,-99.29,52.82,142.82,-116.53
43359,36,right,1,Index,Metacarpal,31.99,137.24,-25.67,13.77,158.89,-94.50
43359,36,right,1,Index,Proximal,13.77,158.89,-94.50,2.69,166.47,-124.92
43359,36,right,1,Index,Intermediate,2.69,166.47,-124.92,-2.66,172.58,-144.56
43359,36,right,1,Index,Distal,-2.66,172.58,-144.56,-6.26,177.86,-159.66
43359,36,right,2,Middle,Metacarpal,23.55,141.12,-24.42,-0.80,166.76,-85.50
43359,36,right,2,Middle,Proximal,-0.80,166.76,-85.50,-20.60,174.05,-117.33
43359,36,right,2,Middle,Intermediate,-20.60,174.05,-117.33,-33.29,179.53,-142.00
43359,36,right,2,Middle,Distal,-33.29,179.53,-142.00,-40.94,183.74,-158.98
43359,36,right,3,Ring,Metacarpal,15.50,149.09,-20.02,-12.74,176.82,-69.51
43359,36,right,3,Ring,Proximal,-12.74,176.82,-69.51,-38.83,183.84,-95.55
43359,36,right,3,Ring,Intermediate,-38.83,183.84,-95.55,-52.21,187.57,-110.91
43359,36,right,3,Ring,Distal,-52.21,187.57,-110.91,-60.17,190.37,-122.96
43359,36,right,4,Pinky,Metacarpal,15.09,157.77,-11.35,-17.46,185.16,-51.74
43359,36,right,4,Pinky,Proximal,-17.46,185.16,-51.74,-36.65,194.95,-63.47
43359,36,right,4,Pinky,Intermediate,-36.65,194.95,-63.47,-50.35,203.28,-73.21
43359,36,right,4,Pinky,Distal,-50.35,203.28,-73.21,-58.31,208.49,-79.98
43360,36,right,0,Thumb,Metacarpal,40.45,145.83,-32.65,40.45,145.83,-32.65
43360,36,right,0,Thumb,Proximal,40.45,145.83,-32.65,44.28,139.73,-80.15
43360,36,right,0,Thumb,Intermediate,44.28,139.73,-80.15,44.48,137.69,-106.78
43360,36,right,0,Thumb,Distal,44.48,137.69,-106.78,42.77,137.76,-124.13
43360,36,right,1,Index,Metacarpal,26.27,139.89,-32.99,8.13,160.02,-101.52
43360,36,right,1,Index,Proximal,8.13,160.02,-101.52,-4.71,165.48,-131.82
43360,36,right,1,Index,Intermediate,-4.71,165.48,-131.82,-11.51,169.22,-151.85
43360,36,right,1,Index,Distal,-11.51,169.22,-151.85,-16.41,172.74,-167.33
43360,36,right,2,Middle,Metacarpal,18.32,143.43,-31.87,-5.85,167.70,-92.79
43360,36,right,2,Middle,Proximal,-5.85,167.70,-92.79,-26.14,171.47,-123.33
43360,36,right,2,Middle,Intermediate,-26.14,171.47,-123.33,-39.95,174.93,-146.38
43360,36,right,2,Middle,Distal,-39.95,174.93,-146.38,-48.33,178.31,-163.07
43360,36,right,3,Ring,Metacarpal,10.90,151.34,-27.62,-17.09,177.92,-77.10
43360,36,right,3,Ring,Proximal,-17.09,177.92,-77.10,-42.50,181.72,-101.81
43360,36,right,3,Ring,Intermediate,-42.50,181.72,-101.81,-56.38,183.67,-116.41
43360,36,right,3,Ring,Distal,-56.38,183.67,-116.41,-64.97,185.57,-128.82
43360,36,right,4,Pinky,Metacarpal,11.40,160.07,-19.54,-20.83,186.50,-59.99
43360,36,right,4,Pinky,Proximal,-20.83,186.50,-59.99,-40.18,195.27,-71.20
43360,36,right,4,Pinky,Intermediate,-40.18,195.27,-71.20,-53.67,202.84,-80.77
43360,36,right,4,Pinky,Distal,-53.67,202.84,-80.77,-61.71,207.87,-87.92
43361,36,right,0,Thumb,Metacarpal,36.00,147.71,-40.22,36.00,147.71,-40.22
43361,36,right,0,Thumb,Proximal,36.00,147.71,-40.22,39.96,139.08,-86.86
43361,36,right,0,Thumb,Intermediate,39.96,139.08,-86.86,40.15,135.89,-113.02
43361,36,right,0,Thumb,Distal,40.15,135.89,-113.02,38.43,135.20,-130.45
43361,36,right,1,Index,Metacarpal,21.91,141.61,-40.64,3.44,159.49,-108.60
43361,36,right,1,Index,Proximal,3.44,159.49,-108.60,-10.61,162.88,-138.22
43361,36,right,1,Index,Intermediate,-10.61,162.88,-138.22,-18.56,165.15,-158.19
43361,36,right,1,Index,Distal,-18.56,165.15,-158.19,-24.43,167.76,-174.02
43361,36,right,2,Middle,Metacarpal,14.16,144.77,-39.49,-10.31,166.80,-100.02
43361,36,right,2,Middle,Proximal,-10.31,166.80,-100.02,-30.79,169.24,-129.73
43361,36,right,2,Middle,Intermediate,-30.79,169.24,-129.73,-44.79,171.94,-152.06
43361,36,right,2,Middle,Distal,-44.79,171.94,-152.06,-53.39,174.88,-168.39
43361,36,right,3,Ring,Metacarpal,6.87,152.58,-35.36,-21.36,177.10,-84.65
43361,36,right,3,Ring,Proximal,-21.36,177.10,-84.65,-46.40,178.98,-108.72
43361,36,right,3,Ring,Intermediate,-46.40,178.98,-108.72,-60.30,179.94,-123.10
43361,36,right,3,Ring,Distal,-60.30,179.94,-123.10,-69.08,181.17,-135.69
43361,36,right,4,Pinky,Metacarpal,7.27,161.45,-27.57,-25.11,185.96,-67.94
43361,36,right,4,Pinky,Proximal,-25.11,185.96,-67.94,-44.43,193.86,-78.68
43361,36,right,4,Pinky,Intermediate,-44.43,193.86,-78.68,-57.89,200.74,-87.81
43361,36,right,4,Pinky,Distal,-57.89,200.74,-87.81,-65.98,205.38,-94.94
43362,36,right,0,Thumb,Metacarpal,31.85,148.75,-47.48,31.85,148.75,-47.48
43362,36,right,0,Thumb,Proximal,31.85,148.75,-47.48,36.19,138.38,-93.03
43362,36,right,0,Thumb,Intermediate,36.19,138.38,-93.03,36.59,134.14,-118.34
43362,36,right,0,Thumb,Distal,36.59,134.14,-118.34,35.17,132.63,-135.29
43362,36,right,1,Index,Metacarpal,17.95,142.43,-47.84,-0.74,158.63,-115.22
43362,36,right,1,Index,Proximal,-0.74,158.63,-115.22,-14.70,160.31,-144.47
43362,36,right,1,Index,Intermediate,-14.70,160.31,-144.47,-22.63,161.32,-164.40
43362,36,right,1,Index,Distal,-22.63,161.32,-164.40,-28.47,163.10,-180.36
43362,36,right,2,Middle,Metacarpal,10.30,145.32,-46.66,-14.38,165.63,-106.75
43362,36,right,2,Middle,Proximal,-14.38,165.63,-106.75,-34.85,166.60,-135.90
43362,36,right,2,Middle,Intermediate,-34.85,166.60,-135.90,-49.01,168.11,-157.88
43362,36,right,2,Middle,Distal,-49.01,168.11,-157.88,-57.87,170.29,-174.16
43362,36,right,3,Ring,Metacarpal,3.04,152.98,-42.65,-25.38,175.86,-91.67
43362,36,right,3,Ring,Proximal,-25.38,175.86,-91.67,-50.24,175.83,-114.98
43362,36,right,3,Ring,Intermediate,-50.24,175.83,-114.98,-64.22,175.46,-129.10
43362,36,right,3,Ring,Distal,-64.22,175.46,-129.10,-73.13,175.69,-141.77
43362,36,right,4,Pinky,Metacarpal,3.32,161.87,-35.06,-29.19,184.80,-75.27
43362,36,right,4,Pinky,Proximal,-29.19,184.80,-75.27,-48.60,191.81,-85.62
43362,36,right,4,Pinky,Intermediate,-48.60,191.81,-85.62,-62.23,197.94,-94.40
43362,36,right,4,Pinky,Distal,-62.23,197.94,-94.40,-70.57,202.12,-101.40
43363,36,right,0,Thumb,Metacarpal,27.82,149.52,-54.21,27.82,149.52,-54.21
43363,36,right,0,Thumb,Proximal,27.82,149.52,-54.21,32.52,137.72,-98.76
43363,36,right,0,Thumb,Intermediate,32.52,137.72,-98.76,33.02,133.02,-123.53
43363,36,right,0,Thumb,Distal,33.02,133.02,-123.53,31.63,131.14,-140.18
43363,36,right,1,Index,Metacarpal,14.14,142.98,-54.46,-4.82,157.25,-121.32
43363,36,right,1,Index,Proximal,-4.82,157.25,-121.32,-18.60,157.55,-150.25
43363,36,right,1,Index,Intermediate,-18.60,157.55,-150.25,-26.44,157.73,-170.00
43363,36,right,1,Index,Distal,-26.44,157.73,-170.00,-32.19,158.92,-185.87
43363,36,right,2,Middle,Metacarpal,6.56,145.62,-53.23,-18.38,163.99,-112.95
43363,36,right,2,Middle,Proximal,-18.38,163.99,-112.95,-38.80,163.40,-141.64
43363,36,right,2,Middle,Intermediate,-38.80,163.40,-141.64,-53.06,163.63,-163.32
43363,36,right,2,Middle,Distal,-53.06,163.63,-163.32,-62.11,164.99,-179.47
43363,36,right,3,Ring,Metacarpal,-0.70,153.21,-49.31,-29.36,174.27,-98.13
43363,36,right,3,Ring,Proximal,-29.36,174.27,-98.13,-54.04,172.65,-120.74
43363,36,right,3,Ring,Intermediate,-54.04,172.65,-120.74,-68.03,171.09,-134.56
43363,36,right,3,Ring,Distal,-68.03,171.09,-134.56,-77.08,170.40,-147.11
43363,36,right,4,Pinky,Metacarpal,-0.65,162.20,-41.94,-33.33,183.42,-82.04
43363,36,right,4,Pinky,Proximal,-33.33,183.42,-82.04,-52.83,189.43,-92.10
43363,36,right,4,Pinky,Intermediate,-52.83,189.43,-92.10,-66.65,194.57,-100.80
43363,36,right,4,Pinky,Distal,-66.65,194.57,-100.80,-75.22,198.04,-107.78
43364,36,right,0,Thumb,Metacarpal,23.60,149.97,-60.14,23.60,149.97,-60.14
43364,36,right,0,Thumb,Proximal,23.60,149.97,-60.14,28.54,137.27,-104.09
43364,36,right,0,Thumb,Intermediate,28.54,137.27,-104.09,29.11,132.18,-128.49
43364,36,right,0,Thumb,Distal,29.11,132.18,-128.49,27.78,129.99,-144.86
43364,36,right,1,Index,Metacarpal,10.18,143.28,-60.24,-9.05,156.00,-126.69
43364,36,right,1,Index,Proximal,-9.05,156.00,-126.69,-22.64,155.22,-155.24
43364,36,right,1,Index,Intermediate,-22.64,155.22,-155.24,-30.39,154.58,-174.79
43364,36,right,1,Index,Distal,-30.39,154.58,-174.79,-36.11,155.16,-190.62
43364,36,right,2,Middle,Metacarpal,2.64,145.77,-58.97,-22.55,162.59,-118.40
43364,36,right,2,Middle,Proximal,-22.55,162.59,-118.40,-42.92,161.01,-146.70
43364,36,right,2,Middle,Intermediate,-42.92,161.01,-146.70,-57.21,160.36,-168.01
43364,36,right,2,Middle,Distal,-57.21,160.36,-168.01,-66.33,161.09,-183.94
43364,36,right,3,Ring,Metacarpal,-4.68,153.33,-55.12,-33.55,172.95,-103.78
43364,36,right,3,Ring,Proximal,-33.55,172.95,-103.78,-57.94,170.25,-126.10
43364,36,right,3,Ring,Intermediate,-57.94,170.25,-126.10,-71.83,167.95,-139.81
43364,36,right,3,Ring,Distal,-71.83,167.95,-139.81,-81.00,166.64,-152.28
43364,36,right,4,Pinky,Metacarpal,-4.85,162.42,-47.90,-37.67,182.30,-87.90
43364,36,right,4,Pinky,Proximal,-37.67,182.30,-87.90,-57.21,187.42,-97.72
43364,36,right,4,Pinky,Intermediate,-57.21,187.42,-97.72,-71.22,191.62,-106.25
43364,36,right,4,Pinky,Distal,-71.22,191.62,-106.25,-79.98,194.40,-113.13
43365,36,right,0,Thumb,Metacarpal,19.51,150.46,-65.54,19.51,150.46,-65.54
43365,36,right,0,Thumb,Proximal,19.51,150.46,-65.54,24.59,136.98,-109.09
43365,36,right,0,Thumb,Intermediate,24.59,136.98,-109.09,25.14,131.40,-133.34
43365,36,right,0,Thumb,Distal,25.14,131.40,-133.34,23.75,128.87,-149.71
43365,36,right,1,Index,Metacarpal,6.22,143.68,-65.45,-13.53,155.40,-131.60
43365,36,right,1,Index,Proximal,-13.53,155.40,-131.60,-26.72,154.07,-159.89
43365,36,right,1,Index,Intermediate,-26.72,154.07,-159.89,-34.19,153.02,-179.34
43365,36,right,1,Index,Distal,-34.19,153.02,-179.34,-39.65,153.29,-195.09
43365,36,right,2,Middle,Metacarpal,-1.21,146.02,-64.13,-26.90,161.80,-123.30
43365,36,right,2,Middle,Proximal,-26.90,161.80,-123.30,-47.22,159.20,-151.31
43365,36,right,2,Middle,Intermediate,-47.22,159.20,-151.31,-61.54,157.70,-172.39
43365,36,right,2,Middle,Distal,-61.54,157.70,-172.39,-70.75,157.89,-188.24
43365,36,right,3,Ring,Metacarpal,-8.51,153.44,-60.40,-37.84,172.08,-108.85
43365,36,right,3,Ring,Proximal,-37.84,172.08,-108.85,-61.99,168.64,-130.76
43365,36,right,3,Ring,Intermediate,-61.99,168.64,-130.76,-75.84,165.73,-144.31
43365,36,right,3,Ring,Distal,-75.84,165.73,-144.31,-85.06,163.93,-156.71
43365,36,right,4,Pinky,Metacarpal,-8.77,162.51,-53.30,-41.98,181.43,-93.12
43365,36,right,4,Pinky,Proximal,-41.98,181.43,-93.12,-61.66,185.71,-102.73
43365,36,right,4,Pinky,Intermediate,-61.66,185.71,-102.73,-75.90,189.01,-111.03
43365,36,right,4,Pinky,Distal,-75.90,189.01,-111.03,-84.90,191.16,-117.79
43366,36,right,0,Thumb,Metacarpal,15.16,151.03,-70.67,15.16,151.03,-70.67
43366,36,right,0,Thumb,Proximal,15.16,151.03,-70.67,20.19,137.07,-113.60
43366,36,right,0,Thumb,Intermediate,20.19,137.07,-113.60,20.65,131.14,-137.67
43366,36,right,0,Thumb,Distal,20.65,131.14,-137.67,19.18,128.54,-153.89
43366,36,right,1,Index,Metacarpal,2.13,144.03,-70.31,-18.33,154.79,-135.96
43366,36,right,1,Index,Proximal,-18.33,154.79,-135.96,-31.45,152.73,-163.90
43366,36,right,1,Index,Intermediate,-31.45,152.73,-163.90,-38.99,151.17,-183.11
43366,36,right,1,Index,Distal,-38.99,151.17,-183.11,-44.59,151.07,-198.72
43366,36,right,2,Middle,Metacarpal,-5.32,146.26,-68.87,-31.67,161.04,-127.56
43366,36,right,2,Middle,Proximal,-31.67,161.04,-127.56,-52.26,157.90,-154.89
43366,36,right,2,Middle,Intermediate,-52.26,157.90,-154.89,-66.83,156.02,-175.46
43366,36,right,2,Middle,Distal,-66.83,156.02,-175.46,-76.28,155.96,-191.02
43366,36,right,3,Ring,Metacarpal,-12.69,153.64,-65.16,-42.58,171.31,-113.18
43366,36,right,3,Ring,Proximal,-42.58,171.31,-113.18,-66.69,167.12,-134.24
43366,36,right,3,Ring,Intermediate,-66.69,167.12,-134.24,-80.59,163.68,-147.42
43366,36,right,3,Ring,Distal,-80.59,163.68,-147.42,-89.96,161.43,-159.57
43366,36,right,4,Pinky,Metacarpal,-13.03,162.79,-58.19,-46.71,180.77,-97.58
43366,36,right,4,Pinky,Proximal,-46.71,180.77,-97.58,-66.59,184.71,-106.54
43366,36,right,4,Pinky,Intermediate,-66.59,184.71,-106.54,-81.01,187.79,-114.35
43366,36,right,4,Pinky,Distal,-81.01,187.79,-114.35,-90.16,189.78,-120.86
43367,36,right,0,Thumb,Metacarpal,10.96,151.53,-75.12,10.96,151.53,-75.12
43367,36,right,0,Thumb,Proximal,10.96,151.53,-75.12,15.77,137.55,-117.60
43367,36,right,0,Thumb,Intermediate,15.77,137.55,-117.60,15.97,131.49,-141.42
43367,36,right,0,Thumb,Distal,15.97,131.49,-141.42,14.19,128.74,-157.60
43367,36,right,1,Index,Metacarpal,-1.82,144.35,-74.48,-23.24,154.29,-139.54
43367,36,right,1,Index,Proximal,-23.24,154.29,-139.54,-36.28,151.86,-167.14
43367,36,right,1,Index,Intermediate,-36.28,151.86,-167.14,-43.76,150.11,-186.18
43367,36,right,1,Index,Distal,-43.76,150.11,-186.18,-49.36,149.84,-201.69
43367,36,right,2,Middle,Metacarpal,-9.27,146.51,-72.90,-36.50,160.43,-130.97
43367,36,right,2,Middle,Proximal,-36.50,160.43,-130.97,-57.56,156.51,-157.68
43367,36,right,2,Middle,Intermediate,-57.56,156.51,-157.68,-72.41,154.03,-177.88
43367,36,right,2,Middle,Distal,-72.41,154.03,-177.88,-82.06,153.58,-193.29
43367,36,right,3,Ring,Metacarpal,-16.70,153.83,-69.11,-47.34,170.66,-116.55
43367,36,right,3,Ring,Proximal,-47.34,170.66,-116.55,-71.61,165.80,-136.95
43367,36,right,3,Ring,Intermediate,-71.61,165.80,-136.95,-85.62,161.90,-149.90
43367,36,right,3,Ring,Distal,-85.62,161.90,-149.90,-95.15,159.26,-161.88
43367,36,right,4,Pinky,Metacarpal,-17.13,163.02,-62.23,-51.40,180.17,-101.05
43367,36,right,4,Pinky,Proximal,-51.40,180.17,-101.05,-71.53,183.77,-109.45
43367,36,right,4,Pinky,Intermediate,-71.53,183.77,-109.45,-86.00,186.71,-116.86
43367,36,right,4,Pinky,Distal,-86.00,186.71,-116.86,-95.17,188.66,-123.10
43368,36,right,0,Thumb,Metacarpal,6.93,152.13,-79.14,6.93,152.13,-79.14
43368,36,right,0,Thumb,Proximal,6.93,152.13,-79.14,11.50,137.79,-121.25
43368,36,right,0,Thumb,Intermediate,11.50,137.79,-121.25,11.54,131.53,-144.89
43368,36,right,0,Thumb,Distal,11.54,131.53,-144.89,9.64,128.67,-161.03
43368,36,right,1,Index,Metacarpal,-5.67,144.81,-78.19,-28.38,154.02,-142.65
43368,36,right,1,Index,Proximal,-28.38,154.02,-142.65,-41.80,151.17,-169.80
43368,36,right,1,Index,Intermediate,-41.80,151.17,-169.80,-49.60,149.13,-188.61
43368,36,right,1,Index,Distal,-49.60,149.13,-188.61,-55.53,148.59,-203.97
43368,36,right,2,Middle,Metacarpal,-13.10,146.93,-76.46,-41.50,160.10,-133.87
43368,36,right,2,Middle,Proximal,-41.50,160.10,-133.87,-63.05,155.43,-159.89
43368,36,right,2,Middle,Intermediate,-63.05,155.43,-159.89,-78.22,152.32,-179.61
43368,36,right,2,Middle,Distal,-78.22,152.32,-179.61,-88.12,151.40,-194.70
43368,36,right,3,Ring,Metacarpal,-20.53,154.20,-72.56,-52.16,170.30,-119.34
43368,36,right,3,Ring,Proximal,-52.16,170.30,-119.34,-76.39,164.55,-139.18
43368,36,right,3,Ring,Intermediate,-76.39,164.55,-139.18,-90.40,159.97,-151.91
43368,36,right,3,Ring,Distal,-90.40,159.97,-151.91,-100.05,156.83,-163.73
43368,36,right,4,Pinky,Metacarpal,-20.96,163.41,-65.79,-56.04,179.87,-103.91
43368,36,right,4,Pinky,Proximal,-56.04,179.87,-103.91,-76.21,182.97,-112.10
43368,36,right,4,Pinky,Intermediate,-76.21,182.97,-112.10,-90.66,185.51,-119.37
43368,36,right,4,Pinky,Distal,-90.66,185.51,-119.37,-99.83,187.31,-125.46
43369,36,right,0,Thumb,Metacarpal,3.27,152.64,-83.24,3.27,152.64,-83.24
43369,36,right,0,Thumb,Proximal,3.27,152.64,-83.24,7.54,138.11,-124.99
43369,36,right,0,Thumb,Intermediate,7.54,138.11,-124.99,7.43,131.47,-148.33
43369,36,right,0,Thumb,Distal,7.43,131.47,-148.33,5.47,128.37,-164.33
43369,36,right,1,Index,Metacarpal,-9.12,145.08,-81.91,-33.20,153.43,-145.72
43369,36,right,1,Index,Proximal,-33.20,153.43,-145.72,-46.92,150.14,-172.53
43369,36,right,1,Index,Intermediate,-46.92,150.14,-172.53,-54.99,147.88,-191.13
43369,36,right,1,Index,Distal,-54.99,147.88,-191.13,-61.16,147.21,-206.33
43369,36,right,2,Middle,Metacarpal,-16.54,147.13,-80.05,-46.19,159.40,-136.75
43369,36,right,2,Middle,Proximal,-46.19,159.40,-136.75,-68.19,154.39,-162.24
43369,36,right,2,Middle,Intermediate,-68.19,154.39,-162.24,-83.70,151.13,-181.58
43369,36,right,2,Middle,Distal,-83.70,151.13,-181.58,-93.81,150.13,-196.33
43369,36,right,3,Ring,Metacarpal,-24.01,154.33,-76.03,-56.70,169.56,-122.09
43369,36,right,3,Ring,Proximal,-56.70,169.56,-122.09,-81.05,163.09,-141.34
43369,36,right,3,Ring,Intermediate,-81.05,163.09,-141.34,-95.09,158.10,-153.72
43369,36,right,3,Ring,Distal,-95.09,158.10,-153.72,-104.80,154.66,-165.30
43369,36,right,4,Pinky,Metacarpal,-24.47,163.61,-69.32,-60.43,179.20,-106.69
43369,36,right,4,Pinky,Proximal,-60.43,179.20,-106.69,-80.67,181.43,-114.50
43369,36,right,4,Pinky,Intermediate,-80.67,181.43,-114.50,-95.18,183.37,-121.55
43369,36,right,4,Pinky,Distal,-95.18,183.37,-121.55,-104.45,184.84,-127.48
43370,36,right,0,Thumb,Metacarpal,0.10,152.93,-87.04,0.10,152.93,-87.04
43370,36,right,0,Thumb,Proximal,0.10,152.93,-87.04,4.05,138.14,-128.61
43370,36,right,0,Thumb,Intermediate,4.05,138.14,-128.61,3.77,131.16,-151.82
43370,36,right,0,Thumb,Distal,3.77,131.16,-151.82,1.63,127.86,-167.74
43370,36,right,1,Index,Metacarpal,-12.16,145.16,-85.41,-37.42,152.71,-148.67
43370,36,right,1,Index,Proximal,-37.42,152.71,-148.67,-51.80,149.04,-174.99
43370,36,right,1,Index,Intermediate,-51.80,149.04,-174.99,-60.43,146.59,-193.27
43370,36,right,1,Index,Distal,-60.43,146.59,-193.27,-67.07,145.82,-208.22
43370,36,right,2,Middle,Metacarpal,-19.52,147.15,-83.43,-50.28,158.57,-139.54
43370,36,right,2,Middle,Proximal,-50.28,158.57,-139.54,-72.96,153.14,-164.42
43370,36,right,2,Middle,Intermediate,-72.96,153.14,-164.42,-88.95,149.55,-183.26
43370,36,right,2,Middle,Distal,-88.95,149.55,-183.26,-99.37,148.32,-197.64
43370,36,right,3,Ring,Metacarpal,-27.01,154.27,-79.34,-60.65,168.68,-124.80
43370,36,right,3,Ring,Proximal,-60.65,168.68,-124.80,-85.08,161.76,-143.57
43370,36,right,3,Ring,Intermediate,-85.08,161.76,-143.57,-99.17,156.55,-155.70
43370,36,right,3,Ring,Distal,-99.17,156.55,-155.70,-109.00,152.97,-167.15
43370,36,right,4,Pinky,Metacarpal,-27.51,163.58,-72.71,-64.26,178.37,-109.44
43370,36,right,4,Pinky,Proximal,-64.26,178.37,-109.44,-84.58,180.07,-116.99
43370,36,right,4,Pinky,Intermediate,-84.58,180.07,-116.99,-99.17,181.78,-123.89
43370,36,right,4,Pinky,Distal,-99.17,181.78,-123.89,-108.54,183.20,-129.68
43371,36,right,0,Thumb,Metacarpal,-2.78,153.29,-90.81,-2.78,153.29,-90.81
43371,36,right,0,Thumb,Proximal,-2.78,153.29,-90.81,0.88,138.16,-132.17
43371,36,right,0,Thumb,Intermediate,0.88,138.16,-132.17,0.34,131.06,-155.24
43371,36,right,0,Thumb,Distal,0.34,131.06,-155.24,-2.07,127.47,-171.10
43371,36,right,1,Index,Metacarpal,-14.98,145.47,-88.86,-41.28,152.19,-151.66
43371,36,right,1,Index,Proximal,-41.28,152.19,-151.66,-56.06,147.94,-177.62
43371,36,right,1,Index,Intermediate,-56.06,147.94,-177.62,-65.04,145.18,-195.75
43371,36,right,1,Index,Distal,-65.04,145.18,-195.75,-72.01,144.18,-210.61
43371,36,right,2,Middle,Metacarpal,-22.28,147.49,-86.80,-53.97,158.12,-142.41
43371,36,right,2,Middle,Proximal,-53.97,158.12,-142.41,-77.39,152.20,-166.66
43371,36,right,2,Middle,Intermediate,-77.39,152.20,-166.66,-93.93,148.14,-185.08
43371,36,right,2,Middle,Distal,-93.93,148.14,-185.08,-104.70,146.61,-199.21
43371,36,right,3,Ring,Metacarpal,-29.73,154.62,-82.70,-64.12,168.35,-127.66
43371,36,right,3,Ring,Proximal,-64.12,168.35,-127.66,-88.69,161.16,-145.91
43371,36,right,3,Ring,Intermediate,-88.69,161.16,-145.91,-102.88,155.83,-157.76
43371,36,right,3,Ring,Distal,-102.88,155.83,-157.76,-112.81,152.14,-169.03
43371,36,right,4,Pinky,Metacarpal,-30.21,163.97,-76.20,-67.57,178.16,-112.40
43371,36,right,4,Pinky,Proximal,-67.57,178.16,-112.40,-88.04,179.58,-119.58
43371,36,right,4,Pinky,Intermediate,-88.04,179.58,-119.58,-102.74,181.25,-126.25
43371,36,right,4,Pinky,Distal,-102.74,181.25,-126.25,-112.18,182.74,-131.91
43372,36,right,0,Thumb,Metacarpal,-5.41,154.27,-94.16,-5.41,154.27,-94.16
43372,36,right,0,Thumb,Proximal,-5.41,154.27,-94.16,-1.52,138.74,-135.29
43372,36,right,0,Thumb,Intermediate,-1.52,138.74,-135.29,-2.16,131.39,-158.25
43372,36,right,0,Thumb,Distal,-2.16,131.39,-158.25,-4.66,127.51,-174.06
43372,36,right,1,Index,Metacarpal,-17.48,146.34,-92.02,-44.26,152.16,-154.49
43372,36,right,1,Index,Proximal,-44.26,152.16,-154.49,-59.36,147.07,-180.02
43372,36,right,1,Index,Intermediate,-59.36,147.07,-180.02,-68.71,143.66,-197.87
43372,36,right,1,Index,Distal,-68.71,143.66,-197.87,-76.04,142.17,-212.59
43372,36,right,2,Middle,Metacarpal,-24.81,148.40,-89.92,-56.91,158.19,-145.22
43372,36,right,2,Middle,Proximal,-56.91,158.19,-145.22,-80.64,152.12,-169.05
43372,36,right,2,Middle,Intermediate,-80.64,152.12,-169.05,-97.43,147.95,-187.09
43372,36,right,2,Middle,Distal,-97.43,147.95,-187.09,-108.40,146.38,-200.88
43372,36,right,3,Ring,Metacarpal,-32.27,155.58,-85.83,-67.01,168.55,-130.54
43372,36,right,3,Ring,Proximal,-67.01,168.55,-130.54,-91.63,161.13,-148.37
43372,36,right,3,Ring,Intermediate,-91.63,161.13,-148.37,-105.87,155.70,-159.86
43372,36,right,3,Ring,Distal,-105.87,155.70,-159.86,-115.89,151.93,-170.85
43372,36,right,4,Pinky,Metacarpal,-32.77,165.00,-79.42,-70.38,178.53,-115.37
43372,36,right,4,Pinky,Proximal,-70.38,178.53,-115.37,-90.96,179.45,-122.35
43372,36,right,4,Pinky,Intermediate,-90.96,179.45,-122.35,-105.83,180.71,-128.83
43372,36,right,4,Pinky,Distal,-105.83,180.71,-128.83,-115.48,182.00,-134.39
43373,36,right,0,Thumb,Metacarpal,-7.72,155.39,-97.26,-7.72,155.39,-97.26
43373,36,right,0,Thumb,Proximal,-7.72,155.39,-97.26,-3.58,139.23,-138.33
43373,36,right,0,Thumb,Intermediate,-3.58,139.23,-138.33,-4.18,131.49,-161.24
43373,36,right,0,Thumb,Distal,-4.18,131.49,-161.24,-6.75,127.28,-177.03
43373,36,right,1,Index,Metacarpal,-19.74,147.32,-95.07,-46.51,152.45,-157.51
43373,36,right,1,Index,Proximal,-46.51,152.45,-157.51,-61.52,147.10,-182.98
43373,36,right,1,Index,Intermediate,-61.52,147.10,-182.98,-70.77,143.55,-200.82
43373,36,right,1,Index,Distal,-70.77,143.55,-200.82,-77.95,141.95,-215.52
43373,36,right,2,Middle,Metacarpal,-27.07,149.28,-93.01,-59.21,158.36,-148.32
43373,36,right,2,Middle,Proximal,-59.21,158.36,-148.32,-83.08,152.16,-172.06
43373,36,right,2,Middle,Intermediate,-83.08,152.16,-172.06,-100.04,147.84,-189.97
43373,36,right,2,Middle,Distal,-100.04,147.84,-189.97,-111.12,146.09,-203.61
43373,36,right,3,Ring,Metacarpal,-34.55,156.36,-88.96,-69.36,168.66,-133.70
43373,36,right,3,Ring,Proximal,-69.36,168.66,-133.70,-94.15,161.19,-151.56
43373,36,right,3,Ring,Intermediate,-94.15,161.19,-151.56,-108.53,155.76,-163.02
43373,36,right,3,Ring,Distal,-108.53,155.76,-163.02,-118.60,151.99,-174.00
43373,36,right,4,Pinky,Metacarpal,-35.11,165.81,-82.68,-72.81,178.68,-118.69
43373,36,right,4,Pinky,Proximal,-72.81,178.68,-118.69,-93.59,179.27,-125.40
43373,36,right,4,Pinky,Intermediate,-93.59,179.27,-125.40,-108.70,180.14,-131.70
43373,36,right,4,Pinky,Distal,-108.70,180.14,-131.70,-118.53,181.14,-137.19
43374,36,right,0,Thumb,Metacarpal,-9.33,156.58,-100.62,-9.33,156.58,-100.62
43374,36,right,0,Thumb,Proximal,-9.33,156.58,-100.62,-4.89,139.57,-141.46
43374,36,right,0,Thumb,Intermediate,-4.89,139.57,-141.46,-5.40,131.47,-164.25
43374,36,right,0,Thumb,Distal,-5.40,131.47,-164.25,-8.05,127.06,-179.92
43374,36,right,1,Index,Metacarpal,-21.40,148.41,-98.33,-47.52,152.42,-161.23
43374,36,right,1,Index,Proximal,-47.52,152.42,-161.23,-61.50,146.42,-186.78
43374,36,right,1,Index,Intermediate,-61.50,146.42,-186.78,-69.85,142.44,-204.79
43374,36,right,1,Index,Distal,-69.85,142.44,-204.79,-76.24,140.47,-219.70
43374,36,right,2,Middle,Metacarpal,-28.76,150.22,-96.36,-60.41,158.18,-152.24
43374,36,right,2,Middle,Proximal,-60.41,158.18,-152.24,-84.69,151.10,-175.59
43374,36,right,2,Middle,Intermediate,-84.69,151.10,-175.59,-102.06,145.72,-192.96
43374,36,right,2,Middle,Distal,-102.06,145.72,-192.96,-113.44,143.13,-206.26
43374,36,right,3,Ring,Metacarpal,-36.31,157.15,-92.70,-70.81,168.41,-138.07
43374,36,right,3,Ring,Proximal,-70.81,168.41,-138.07,-95.79,160.61,-155.97
43374,36,right,3,Ring,Intermediate,-95.79,160.61,-155.97,-110.27,154.75,-167.29
43374,36,right,3,Ring,Distal,-110.27,154.75,-167.29,-120.38,150.61,-178.14
43374,36,right,4,Pinky,Metacarpal,-36.92,166.62,-86.74,-74.43,178.50,-123.40
43374,36,right,4,Pinky,Proximal,-74.43,178.50,-123.40,-95.66,178.64,-129.63
43374,36,right,4,Pinky,Intermediate,-95.66,178.64,-129.63,-111.17,178.89,-135.69
43374,36,right,4,Pinky,Distal,-111.17,178.89,-135.69,-121.28,179.37,-141.10
43375,36,right,0,Thumb,Metacarpal,-10.74,156.79,-105.24,-10.74,156.79,-105.24
43375,36,right,0,Thumb,Proximal,-10.74,156.79,-105.24,-6.08,139.42,-145.87
43375,36,right,0,Thumb,Intermediate,-6.08,139.42,-145.87,-6.14,130.89,-168.36
43375,36,right,0,Thumb,Distal,-6.14,130.89,-168.36,-8.27,126.26,-183.77
43375,36,right,1,Index,Metacarpal,-22.66,148.40,-102.84,-48.80,151.25,-165.62
43375,36,right,1,Index,Proximal,-48.80,151.25,-165.62,-62.90,144.35,-190.94
43375,36,right,1,Index,Intermediate,-62.90,144.35,-190.94,-71.38,139.89,-208.78
43375,36,right,1,Index,Distal,-71.38,139.89,-208.78,-77.97,137.61,-223.68
43375,36,right,2,Middle,Metacarpal,-30.08,150.22,-100.96,-61.77,157.04,-156.77
43375,36,right,2,Middle,Proximal,-61.77,157.04,-156.77,-86.30,149.32,-179.76
43375,36,right,2,Middle,Intermediate,-86.30,149.32,-179.76,-103.90,143.62,-197.02
43375,36,right,2,Middle,Distal,-103.90,143.62,-197.02,-115.44,140.79,-210.21
43375,36,right,3,Ring,Metacarpal,-37.70,157.14,-97.29,-72.27,167.36,-142.67
43375,36,right,3,Ring,Proximal,-72.27,167.36,-142.67,-97.37,159.22,-160.52
43375,36,right,3,Ring,Intermediate,-97.37,159.22,-160.52,-111.76,153.42,-171.69
43375,36,right,3,Ring,Distal,-111.76,153.42,-171.69,-121.79,149.28,-182.39
43375,36,right,4,Pinky,Metacarpal,-38.53,166.70,-91.40,-76.11,177.62,-128.10
43375,36,right,4,Pinky,Proximal,-76.11,177.62,-128.10,-97.21,177.51,-134.38
43375,36,right,4,Pinky,Intermediate,-97.21,177.51,-134.38,-112.59,177.83,-140.52
43375,36,right,4,Pinky,Distal,-112.59,177.83,-140.52,-122.64,178.37,-145.96
43376,36,right,0,Thumb,Metacarpal,-11.89,157.33,-110.05,-11.89,157.33,-110.05
43376,36,right,0,Thumb,Proximal,-11.89,157.33,-110.05,-6.97,139.12,-150.38
43376,36,right,0,Thumb,Intermediate,-6.97,139.12,-150.38,-6.91,130.17,-172.79
43376,36,right,0,Thumb,Distal,-6.91,130.17,-172.79,-9.02,125.10,-188.24
43376,36,right,1,Index,Metacarpal,-23.75,148.84,-107.46,-49.93,150.28,-170.19
43376,36,right,1,Index,Proximal,-49.93,150.28,-170.19,-63.92,142.81,-195.54
43376,36,right,1,Index,Intermediate,-63.92,142.81,-195.54,-72.40,138.10,-213.45
43376,36,right,1,Index,Distal,-72.40,138.10,-213.45,-78.97,135.71,-228.38
43376,36,right,2,Middle,Metacarpal,-31.16,150.58,-105.64,-62.95,156.03,-161.48
43376,36,right,2,Middle,Proximal,-62.95,156.03,-161.48,-87.43,147.89,-184.41
43376,36,right,2,Middle,Intermediate,-87.43,147.89,-184.41,-104.95,141.87,-201.70
43376,36,right,2,Middle,Distal,-104.95,141.87,-201.70,-116.46,138.80,-214.87
43376,36,right,3,Ring,Metacarpal,-38.86,157.44,-102.07,-73.55,166.42,-147.53
43376,36,right,3,Ring,Proximal,-73.55,166.42,-147.53,-98.58,157.96,-165.27
43376,36,right,3,Ring,Intermediate,-98.58,157.96,-165.27,-112.93,151.93,-176.32
43376,36,right,3,Ring,Distal,-112.93,151.93,-176.32,-122.93,147.66,-186.89
43376,36,right,4,Pinky,Metacarpal,-39.80,167.08,-96.43,-77.50,176.87,-133.23
43376,36,right,4,Pinky,Proximal,-77.50,176.87,-133.23,-98.69,176.22,-139.25
43376,36,right,4,Pinky,Intermediate,-98.69,176.22,-139.25,-114.23,175.96,-145.29
43376,36,right,4,Pinky,Distal,-114.23,175.96,-145.29,-124.47,176.15,-150.71
43377,36,right,0,Thumb,Metacarpal,-12.69,158.06,-114.60,-12.69,158.06,-114.60
43377,36,right,0,Thumb,Proximal,-12.69,158.06,-114.60,-7.66,139.06,-154.50
43377,36,right,0,Thumb,Intermediate,-7.66,139.06,-154.50,-7.60,129.37,-176.79
43377,36,right,0,Thumb,Distal,-7.60,129.37,-176.79,-9.77,123.86,-192.17
43377,36,right,1,Index,Metacarpal,-24.56,149.65,-111.75,-50.50,149.88,-174.68
43377,36,right,1,Index,Proximal,-50.50,149.88,-174.68,-64.13,141.88,-199.88
43377,36,right,1,Index,Intermediate,-64.13,141.88,-199.88,-72.33,136.68,-217.77
43377,36,right,1,Index,Distal,-72.33,136.68,-217.77,-78.60,133.83,-232.69
43377,36,right,2,Middle,Metacarpal,-31.99,151.41,-109.99,-63.58,155.75,-166.12
43377,36,right,2,Middle,Proximal,-63.58,155.75,-166.12,-88.09,147.29,-188.73
43377,36,right,2,Middle,Intermediate,-88.09,147.29,-188.73,-105.67,140.77,-205.63
43377,36,right,2,Middle,Distal,-105.67,140.77,-205.63,-117.19,137.25,-218.56
43377,36,right,3,Ring,Metacarpal,-39.70,158.25,-106.70,-74.25,166.31,-152.52
43377,36,right,3,Ring,Proximal,-74.25,166.31,-152.52,-99.26,157.45,-169.95
43377,36,right,3,Ring,Intermediate,-99.26,157.45,-169.95,-113.61,150.89,-180.79
43377,36,right,3,Ring,Distal,-113.61,150.89,-180.79,-123.62,146.16,-191.12
43377,36,right,4,Pinky,Metacarpal,-40.62,167.92,-101.38,-78.23,176.95,-138.57
43377,36,right,4,Pinky,Proximal,-78.23,176.95,-138.57,-99.47,176.04,-144.59
43377,36,right,4,Pinky,Intermediate,-99.47,176.04,-144.59,-115.15,175.34,-150.51
43377,36,right,4,Pinky,Distal,-115.15,175.34,-150.51,-125.50,175.17,-155.85
43378,36,right,0,Thumb,Metacarpal,-13.75,158.51,-119.37,-13.75,158.51,-119.37
43378,36,right,0,Thumb,Proximal,-13.75,158.51,-119.37,-8.61,138.76,-159.00
43378,36,right,0,Thumb,Intermediate,-8.61,138.76,-159.00,-8.50,128.66,-181.18
43378,36,right,0,Thumb,Distal,-8.50,128.66,-181.18,-10.66,122.96,-196.48
43378,36,right,1,Index,Metacarpal,-25.63,150.18,-116.36,-51.46,149.41,-179.30
43378,36,right,1,Index,Proximal,-51.46,149.41,-179.30,-64.96,140.89,-204.50
43378,36,right,1,Index,Intermediate,-64.96,140.89,-204.50,-73.03,135.41,-222.30
43378,36,right,1,Index,Distal,-73.03,135.41,-222.30,-79.15,132.36,-237.13
43378,36,right,2,Middle,Metacarpal,-33.05,151.97,-114.69,-64.54,155.42,-170.91
43378,36,right,2,Middle,Proximal,-64.54,155.42,-170.91,-89.06,146.46,-193.36
43378,36,right,2,Middle,Intermediate,-89.06,146.46,-193.36,-106.64,139.60,-210.11
43378,36,right,2,Middle,Distal,-106.64,139.60,-210.11,-118.18,135.89,-222.89
43378,36,right,3,Ring,Metacarpal,-40.77,158.84,-111.52,-75.24,166.17,-157.50
43378,36,right,3,Ring,Proximal,-75.24,166.17,-157.50,-100.27,156.74,-174.78
43378,36,right,3,Ring,Intermediate,-100.27,156.74,-174.78,-114.61,149.78,-185.51
43378,36,right,3,Ring,Distal,-114.61,149.78,-185.51,-124.57,144.69,-195.78
43378,36,right,4,Pinky,Metacarpal,-41.70,168.56,-106.39,-79.23,176.98,-143.76
43378,36,right,4,Pinky,Proximal,-79.23,176.98,-143.76,-100.54,175.73,-149.59
43378,36,right,4,Pinky,Intermediate,-100.54,175.73,-149.59,-116.30,174.52,-155.37
43378,36,right,4,Pinky,Distal,-116.30,174.52,-155.37,-126.73,173.94,-160.68
43379,36,right,0,Thumb,Metacarpal,-15.25,158.91,-124.19,-15.25,158.91,-124.19
43379,36,right,0,Thumb,Proximal,-15.25,158.91,-124.19,-9.81,138.34,-163.25
43379,36,right,0,Thumb,Intermediate,-9.81,138.34,-163.25,-9.44,127.97,-184.94
43379,36,right,0,Thumb,Distal,-9.44,127.97,-184.94,-11.38,121.93,-199.93
43379,36,right,1,Index,Metacarpal,-26.88,150.43,-121.09,-52.54,148.30,-183.76
43379,36,right,1,Index,Proximal,-52.54,148.30,-183.76,-66.13,139.21,-208.54
43379,36,right,1,Index,Intermediate,-66.13,139.21,-208.54,-74.30,133.50,-225.95
43379,36,right,1,Index,Distal,-74.30,133.50,-225.95,-80.48,130.38,-240.56
43379,36,right,2,Middle,Metacarpal,-34.42,152.16,-119.41,-65.76,154.28,-175.46
43379,36,right,2,Middle,Proximal,-65.76,154.28,-175.46,-90.03,144.73,-197.72
43379,36,right,2,Middle,Intermediate,-90.03,144.73,-197.72,-107.48,137.73,-214.40
43379,36,right,2,Middle,Distal,-107.48,137.73,-214.40,-119.05,133.93,-227.17
43379,36,right,3,Ring,Metacarpal,-42.26,159.05,-116.25,-76.63,165.16,-162.17
43379,36,right,3,Ring,Proximal,-76.63,165.16,-162.17,-101.64,155.26,-179.34
43379,36,right,3,Ring,Intermediate,-101.64,155.26,-179.34,-115.92,148.27,-189.77
43379,36,right,3,Ring,Distal,-115.92,148.27,-189.77,-125.83,143.14,-199.89
43379,36,right,4,Pinky,Metacarpal,-43.37,168.90,-111.19,-80.81,176.21,-148.56
43379,36,right,4,Pinky,Proximal,-80.81,176.21,-148.56,-102.07,175.05,-154.24
43379,36,right,4,Pinky,Intermediate,-102.07,175.05,-154.24,-117.70,174.08,-159.93
43379,36,right,4,Pinky,Distal,-117.70,174.08,-159.93,-128.03,173.64,-165.16
43380,36,right,0,Thumb,Metacarpal,-16.85,158.73,-128.95,-16.85,158.73,-128.95
43380,36,right,0,Thumb,Proximal,-16.85,158.73,-128.95,-11.17,137.83,-167.33
43380,36,right,0,Thumb,Intermediate,-11.17,137.83,-167.33,-10.56,127.13,-188.50
43380,36,right,0,Thumb,Distal,-10.56,127.13,-188.50,-12.16,120.81,-203.21
43380,36,right,1,Index,Metacarpal,-28.25,150.21,-125.65,-53.90,147.08,-187.91
43380,36,right,1,Index,Proximal,-53.90,147.08,-187.91,-67.65,137.48,-212.13
43380,36,right,1,Index,Intermediate,-67.65,137.48,-212.13,-76.04,131.43,-229.15
43380,36,right,1,Index,Distal,-76.04,131.43,-229.15,-82.52,128.01,-243.57
43380,36,right,2,Middle,Metacarpal,-35.87,152.04,-123.93,-67.18,153.22,-179.66
43380,36,right,2,Middle,Proximal,-67.18,153.22,-179.66,-91.31,143.33,-201.76
43380,36,right,2,Middle,Intermediate,-91.31,143.33,-201.76,-108.63,136.10,-218.35
43380,36,right,2,Middle,Distal,-108.63,136.10,-218.35,-120.15,132.11,-231.05
43380,36,right,3,Ring,Metacarpal,-43.85,159.02,-120.81,-78.16,164.32,-166.52
43380,36,right,3,Ring,Proximal,-78.16,164.32,-166.52,-103.13,154.03,-183.39
43380,36,right,3,Ring,Intermediate,-103.13,154.03,-183.39,-117.31,146.93,-193.58
43380,36,right,3,Ring,Distal,-117.31,146.93,-193.58,-127.16,141.68,-203.53
43380,36,right,4,Pinky,Metacarpal,-45.11,168.95,-115.76,-82.45,175.56,-152.97
43380,36,right,4,Pinky,Proximal,-82.45,175.56,-152.97,-103.60,174.28,-158.63
43380,36,right,4,Pinky,Intermediate,-103.60,174.28,-158.63,-119.05,173.51,-164.30
43380,36,right,4,Pinky,Distal,-119.05,173.51,-164.30,-129.09,173.18,-169.54
43381,36,right,0,Thumb,Metacarpal,-18.18,158.76,-133.10,-18.18,158.76,-133.10
43381,36,right,0,Thumb,Proximal,-18.18,158.76,-133.10,-12.41,137.59,-171.20
43381,36,right,0,Thumb,Intermediate,-12.41,137.59,-171.20,-11.82,126.71,-192.32
43381,36,right,0,Thumb,Distal,-11.82,126.71,-192.32,-13.49,120.33,-207.03
43381,36,right,1,Index,Metacarpal,-29.50,150.29,-129.65,-55.18,146.15,-191.65
43381,36,right,1,Index,Proximal,-55.18,146.15,-191.65,-68.86,136.25,-215.70
43381,36,right,1,Index,Intermediate,-68.86,136.25,-215.70,-77.21,130.08,-232.74
43381,36,right,1,Index,Distal,-77.21,130.08,-232.74,-83.64,126.49,-247.17
43381,36,right,2,Middle,Metacarpal,-37.15,152.25,-127.93,-68.46,152.53,-183.48
43381,36,right,2,Middle,Proximal,-68.46,152.53,-183.48,-92.56,142.35,-205.26
43381,36,right,2,Middle,Intermediate,-92.56,142.35,-205.26,-109.79,134.90,-221.66
43381,36,right,2,Middle,Distal,-109.79,134.90,-221.66,-121.22,130.70,-234.32
43381,36,right,3,Ring,Metacarpal,-45.17,159.31,-124.85,-79.45,163.88,-170.48
43381,36,right,3,Ring,Proximal,-79.45,163.88,-170.48,-104.40,153.44,-187.04
43381,36,right,3,Ring,Intermediate,-104.40,153.44,-187.04,-118.51,146.29,-197.01
43381,36,right,3,Ring,Distal,-118.51,146.29,-197.01,-128.32,141.00,-206.80
43381,36,right,4,Pinky,Metacarpal,-46.45,169.31,-119.97,-83.74,175.34,-157.14
43381,36,right,4,Pinky,Proximal,-83.74,175.34,-157.14,-104.87,173.92,-162.70
43381,36,right,4,Pinky,Intermediate,-104.87,173.92,-162.70,-120.22,173.16,-168.36
43381,36,right,4,Pinky,Distal,-120.22,173.16,-168.36,-130.18,172.92,-173.62
43382,36,right,0,Thumb,Metacarpal,-18.67,159.15,-136.92,-18.67,159.15,-136.92
43382,36,right,0,Thumb,Proximal,-18.67,159.15,-136.92,-12.98,137.51,-174.84
43382,36,right,0,Thumb,Intermediate,-12.98,137.51,-174.84,-12.49,126.30,-195.90
43382,36,right,0,Thumb,Distal,-12.49,126.30,-195.90,-14.34,119.83,-210.53
43382,36,right,1,Index,Metacarpal,-29.99,150.76,-133.25,-55.73,145.87,-195.07
43382,36,right,1,Index,Proximal,-55.73,145.87,-195.07,-69.58,135.87,-218.85
43382,36,right,1,Index,Intermediate,-69.58,135.87,-218.85,-78.12,129.73,-235.85
43382,36,right,1,Index,Distal,-78.12,129.73,-235.85,-84.72,126.11,-250.22
43382,36,right,2,Middle,Metacarpal,-37.63,152.86,-131.57,-68.96,152.51,-187.00
43382,36,right,2,Middle,Proximal,-68.96,152.51,-187.00,-93.08,142.48,-208.64
43382,36,right,2,Middle,Intermediate,-93.08,142.48,-208.64,-110.30,135.11,-224.99
43382,36,right,2,Middle,Distal,-110.30,135.11,-224.99,-121.70,130.93,-237.58
43382,36,right,3,Ring,Metacarpal,-45.66,159.99,-128.57,-79.92,164.07,-174.15
43382,36,right,3,Ring,Proximal,-79.92,164.07,-174.15,-104.88,153.71,-190.59
43382,36,right,3,Ring,Intermediate,-104.88,153.71,-190.59,-118.99,146.59,-200.53
43382,36,right,3,Ring,Distal,-118.99,146.59,-200.53,-128.82,141.32,-210.27
43382,36,right,4,Pinky,Metacarpal,-46.91,170.00,-123.91,-84.17,175.67,-161.07
43382,36,right,4,Pinky,Proximal,-84.17,175.67,-161.07,-105.33,174.27,-166.44
43382,36,right,4,Pinky,Intermediate,-105.33,174.27,-166.44,-120.69,173.60,-172.05
43382,36,right,4,Pinky,Distal,-120.69,173.60,-172.05,-130.66,173.53,-177.28
43383,36,right,0,Thumb,Metacarpal,-18.38,159.20,-140.76,-18.38,159.20,-140.76
43383,36,right,0,Thumb,Proximal,-18.38,159.20,-140.76,-12.89,137.17,-178.41
43383,36,right,0,Thumb,Intermediate,-12.89,137.17,-178.41,-12.53,125.71,-199.32
43383,36,right,0,Thumb,Distal,-12.53,125.71,-199.32,-14.45,119.10,-213.87
43383,36,right,1,Index,Metacarpal,-29.69,150.89,-136.80,-55.90,145.77,-198.32
43383,36,right,1,Index,Proximal,-55.90,145.77,-198.32,-69.95,135.65,-221.75
43383,36,right,1,Index,Intermediate,-69.95,135.65,-221.75,-78.68,129.37,-238.64
43383,36,right,1,Index,Distal,-78.68,129.37,-238.64,-85.49,125.56,-252.98
43383,36,right,2,Middle,Metacarpal,-37.25,153.12,-135.09,-68.96,152.61,-190.22
43383,36,right,2,Middle,Proximal,-68.96,152.61,-190.22,-93.06,142.65,-211.69
43383,36,right,2,Middle,Intermediate,-93.06,142.65,-211.69,-110.34,135.40,-227.97
43383,36,right,2,Middle,Distal,-110.34,135.40,-227.97,-121.70,131.30,-240.44
43383,36,right,3,Ring,Metacarpal,-45.19,160.26,-132.19,-79.73,164.26,-177.48
43383,36,right,3,Ring,Proximal,-79.73,164.26,-177.48,-104.65,154.15,-193.61
43383,36,right,3,Ring,Intermediate,-104.65,154.15,-193.61,-118.79,147.24,-203.47
43383,36,right,3,Ring,Distal,-118.79,147.24,-203.47,-128.66,142.18,-213.12
43383,36,right,4,Pinky,Metacarpal,-46.42,170.32,-127.61,-83.87,176.00,-164.47
43383,36,right,4,Pinky,Proximal,-83.87,176.00,-164.47,-104.86,174.62,-169.88
43383,36,right,4,Pinky,Intermediate,-104.86,174.62,-169.88,-120.17,174.07,-175.59
43383,36,right,4,Pinky,Distal,-120.17,174.07,-175.59,-130.16,174.22,-180.91
43384,36,right,0,Thumb,Metacarpal,-17.72,159.41,-144.36,-17.72,159.41,-144.36
43384,36,right,0,Thumb,Proximal,-17.72,159.41,-144.36,-12.47,136.82,-181.86
43384,36,right,0,Thumb,Intermediate,-12.47,136.82,-181.86,-12.09,125.00,-202.60
43384,36,right,0,Thumb,Distal,-12.09,125.00,-202.60,-13.95,118.16,-216.94
43384,36,right,1,Index,Metacarpal,-29.03,151.15,-140.25,-55.40,145.61,-201.62
43384,36,right,1,Index,Proximal,-55.40,145.61,-201.62,-69.39,135.52,-225.04
43384,36,right,1,Index,Intermediate,-69.39,135.52,-225.04,-78.08,129.38,-242.01
43384,36,right,1,Index,Distal,-78.08,129.38,-242.01,-84.86,125.63,-256.40
43384,36,right,2,Middle,Metacarpal,-36.58,153.52,-138.57,-68.41,152.68,-193.58
43384,36,right,2,Middle,Proximal,-68.41,152.68,-193.58,-92.54,142.80,-214.93
43384,36,right,2,Middle,Intermediate,-92.54,142.80,-214.93,-109.97,135.62,-231.21
43384,36,right,2,Middle,Distal,-109.97,135.62,-231.21,-121.39,131.52,-243.70
43384,36,right,3,Ring,Metacarpal,-44.49,160.72,-135.72,-79.08,164.51,-180.94
43384,36,right,3,Ring,Proximal,-79.08,164.51,-180.94,-104.05,154.62,-196.96
43384,36,right,3,Ring,Intermediate,-104.05,154.62,-196.96,-118.26,147.87,-206.75
43384,36,right,3,Ring,Distal,-118.26,147.87,-206.75,-128.20,142.93,-216.31
43384,36,right,4,Pinky,Metacarpal,-45.63,170.80,-131.28,-83.11,176.35,-168.09
43384,36,right,4,Pinky,Proximal,-83.11,176.35,-168.09,-103.99,175.06,-173.63
43384,36,right,4,Pinky,Intermediate,-103.99,175.06,-173.63,-119.19,174.70,-179.51
43384,36,right,4,Pinky,Distal,-119.19,174.70,-179.51,-129.11,175.04,-184.93
43385,36,right,0,Thumb,Metacarpal,-16.87,159.90,-147.87,-16.87,159.90,-147.87
43385,36,right,0,Thumb,Proximal,-16.87,159.90,-147.87,-12.01,136.58,-185.17
43385,36,right,0,Thumb,Intermediate,-12.01,136.58,-185.17,-11.88,124.41,-205.76
43385,36,right,0,Thumb,Distal,-11.88,124.41,-205.76,-14.01,117.37,-220.04
43385,36,right,1,Index,Metacarpal,-28.19,151.79,-143.62,-54.62,145.56,-204.92
43385,36,right,1,Index,Proximal,-54.62,145.56,-204.92,-68.54,135.36,-228.29
43385,36,right,1,Index,Intermediate,-68.54,135.36,-228.29,-77.19,129.13,-245.27
43385,36,right,1,Index,Distal,-77.19,129.13,-245.27,-83.89,125.25,-259.67
43385,36,right,2,Middle,Metacarpal,-35.73,154.23,-141.97,-67.57,152.82,-196.97
43385,36,right,2,Middle,Proximal,-67.57,152.82,-196.97,-91.74,142.95,-218.15
43385,36,right,2,Middle,Intermediate,-91.74,142.95,-218.15,-109.24,135.87,-234.34
43385,36,right,2,Middle,Distal,-109.24,135.87,-234.34,-120.73,131.78,-246.83
43385,36,right,3,Ring,Metacarpal,-43.58,161.52,-139.18,-78.18,164.88,-184.46
43385,36,right,3,Ring,Proximal,-78.18,164.88,-184.46,-103.22,155.20,-200.39
43385,36,right,3,Ring,Intermediate,-103.22,155.20,-200.39,-117.45,148.66,-210.10
43385,36,right,3,Ring,Distal,-117.45,148.66,-210.10,-127.38,143.88,-219.56
43385,36,right,4,Pinky,Metacarpal,-44.62,171.59,-134.98,-82.08,176.85,-171.87
43385,36,right,4,Pinky,Proximal,-82.08,176.85,-171.87,-102.88,175.54,-177.50
43385,36,right,4,Pinky,Intermediate,-102.88,175.54,-177.50,-118.03,175.15,-183.45
43385,36,right,4,Pinky,Distal,-118.03,175.15,-183.45,-127.94,175.45,-188.93
43386,36,right,0,Thumb,Metacarpal,-16.72,160.14,-151.44,-16.72,160.14,-151.44
43386,36,right,0,Thumb,Proximal,-16.72,160.14,-151.44,-11.86,136.16,-188.31
43386,36,right,0,Thumb,Intermediate,-11.86,136.16,-188.31,-11.71,123.57,-208.67
43386,36,right,0,Thumb,Distal,-11.71,123.57,-208.67,-13.84,116.19,-222.85
43386,36,right,1,Index,Metacarpal,-27.97,152.15,-147.10,-54.38,145.19,-208.29
43386,36,right,1,Index,Proximal,-54.38,145.19,-208.29,-68.59,134.52,-231.29
43386,36,right,1,Index,Intermediate,-68.59,134.52,-231.29,-77.49,127.87,-247.87
43386,36,right,1,Index,Distal,-77.49,127.87,-247.87,-84.43,123.63,-262.05
43386,36,right,2,Middle,Metacarpal,-35.51,154.54,-145.44,-67.33,152.48,-200.40
43386,36,right,2,Middle,Proximal,-67.33,152.48,-200.40,-91.45,142.61,-221.60
43386,36,right,2,Middle,Intermediate,-91.45,142.61,-221.60,-108.89,135.60,-237.81
43386,36,right,2,Middle,Distal,-108.89,135.60,-237.81,-120.39,131.55,-250.32
43386,36,right,3,Ring,Metacarpal,-43.35,161.87,-142.72,-77.92,164.70,-188.02
43386,36,right,3,Ring,Proximal,-77.92,164.70,-188.02,-103.06,155.06,-203.90
43386,36,right,3,Ring,Intermediate,-103.06,155.06,-203.90,-117.26,148.56,-213.55
43386,36,right,3,Ring,Distal,-117.26,148.56,-213.55,-127.18,143.76,-222.97
43386,36,right,4,Pinky,Metacarpal,-44.37,172.02,-138.67,-81.81,176.85,-175.60
43386,36,right,4,Pinky,Proximal,-81.81,176.85,-175.60,-102.56,175.63,-181.18
43386,36,right,4,Pinky,Intermediate,-102.56,175.63,-181.18,-117.58,175.42,-187.11
43386,36,right,4,Pinky,Distal,-117.58,175.42,-187.11,-127.38,175.81,-192.61
43387,36,right,0,Thumb,Metacarpal,-18.07,161.20,-154.18,-18.07,161.20,-154.18
43387,36,right,0,Thumb,Proximal,-18.07,161.20,-154.18,-13.37,136.38,-190.67
43387,36,right,0,Thumb,Intermediate,-13.37,136.38,-190.67,-13.23,123.46,-210.94
43387,36,right,0,Thumb,Distal,-13.23,123.46,-210.94,-15.31,115.85,-225.20
43387,36,right,1,Index,Metacarpal,-29.23,153.33,-149.78,-55.68,145.48,-210.67
43387,36,right,1,Index,Proximal,-55.68,145.48,-210.67,-69.69,135.00,-233.75
43387,36,right,1,Index,Intermediate,-69.69,135.00,-233.75,-78.31,128.59,-250.41
43387,36,right,1,Index,Distal,-78.31,128.59,-250.41,-85.03,124.53,-264.60
43387,36,right,2,Middle,Metacarpal,-36.80,155.80,-148.06,-68.63,152.96,-202.82
43387,36,right,2,Middle,Proximal,-68.63,152.96,-202.82,-92.49,143.18,-223.99
43387,36,right,2,Middle,Intermediate,-92.49,143.18,-223.99,-109.60,136.42,-240.27
43387,36,right,2,Middle,Distal,-109.60,136.42,-240.27,-120.91,132.47,-252.86
43387,36,right,3,Ring,Metacarpal,-44.63,163.26,-145.38,-79.16,165.48,-190.58
43387,36,right,3,Ring,Proximal,-79.16,165.48,-190.58,-104.31,155.84,-206.45
43387,36,right,3,Ring,Intermediate,-104.31,155.84,-206.45,-118.44,149.39,-216.07
43387,36,right,3,Ring,Distal,-118.44,149.39,-216.07,-128.30,144.63,-225.46
43387,36,right,4,Pinky,Metacarpal,-45.58,173.47,-141.43,-82.95,177.84,-178.32
43387,36,right,4,Pinky,Proximal,-82.95,177.84,-178.32,-103.54,176.73,-183.86
43387,36,right,4,Pinky,Intermediate,-103.54,176.73,-183.86,-118.46,176.58,-189.78
43387,36,right,4,Pinky,Distal,-118.46,176.58,-189.78,-128.17,176.94,-195.35
43388,36,right,0,Thumb,Metacarpal,-19.74,162.35,-156.31,-19.74,162.35,-156.31
43388,36,right,0,Thumb,Proximal,-19.74,162.35,-156.31,-15.13,137.35,-192.61
43388,36,right,0,Thumb,Intermediate,-15.13,137.35,-192.61,-15.05,124.40,-212.90
43388,36,right,0,Thumb,Distal,-15.05,124.40,-212.90,-17.15,116.74,-227.21
43388,36,right,1,Index,Metacarpal,-30.83,154.52,-151.83,-57.40,146.28,-212.42
43388,36,right,1,Index,Proximal,-57.40,146.28,-212.42,-71.50,135.79,-235.35
43388,36,right,1,Index,Intermediate,-71.50,135.79,-235.35,-80.30,129.44,-251.93
43388,36,right,1,Index,Distal,-80.30,129.44,-251.93,-87.25,125.44,-266.00
43388,36,right,2,Middle,Metacarpal,-38.43,157.07,-150.07,-70.31,153.91,-204.57
43388,36,right,2,Middle,Proximal,-70.31,153.91,-204.57,-93.99,144.35,-225.81
43388,36,right,2,Middle,Intermediate,-93.99,144.35,-225.81,-110.92,137.95,-242.16
43388,36,right,2,Middle,Distal,-110.92,137.95,-242.16,-122.11,134.35,-254.78
43388,36,right,3,Ring,Metacarpal,-46.26,164.61,-147.44,-80.79,166.59,-192.45
43388,36,right,3,Ring,Proximal,-80.79,166.59,-192.45,-105.94,156.95,-208.16
43388,36,right,3,Ring,Intermediate,-105.94,156.95,-208.16,-120.07,150.48,-217.67
43388,36,right,3,Ring,Distal,-120.07,150.48,-217.67,-129.95,145.72,-226.93
43388,36,right,4,Pinky,Metacarpal,-47.16,174.90,-143.53,-84.50,179.12,-180.26
43388,36,right,4,Pinky,Proximal,-84.50,179.12,-180.26,-104.90,178.03,-185.81
43388,36,right,4,Pinky,Intermediate,-104.90,178.03,-185.81,-119.80,177.77,-191.76
43388,36,right,4,Pinky,Distal,-119.80,177.77,-191.76,-129.55,178.08,-197.37
43389,36,right,0,Thumb,Metacarpal,-21.30,163.87,-157.42,-21.30,163.87,-157.42
43389,36,right,0,Thumb,Proximal,-21.30,163.87,-157.42,-16.69,139.07,-193.62
43389,36,right,0,Thumb,Intermediate,-16.69,139.07,-193.62,-16.62,126.21,-213.85
43389,36,right,0,Thumb,Distal,-16.62,126.21,-213.85,-18.72,118.58,-228.08
43389,36,right,1,Index,Metacarpal,-32.34,156.20,-152.93,-58.99,148.03,-213.33
43389,36,right,1,Index,Proximal,-58.99,148.03,-213.33,-73.32,137.57,-235.93
43389,36,right,1,Index,Intermediate,-73.32,137.57,-235.93,-82.49,131.21,-252.27
43389,36,right,1,Index,Distal,-82.49,131.21,-252.27,-89.76,127.10,-266.14
43389,36,right,2,Middle,Metacarpal,-39.93,158.81,-151.15,-71.84,155.78,-205.48
43389,36,right,2,Middle,Proximal,-71.84,155.78,-205.48,-95.46,146.50,-226.78
43389,36,right,2,Middle,Intermediate,-95.46,146.50,-226.78,-112.33,140.32,-243.17
43389,36,right,2,Middle,Distal,-112.33,140.32,-243.17,-123.44,136.82,-255.83
43389,36,right,3,Ring,Metacarpal,-47.75,166.42,-148.52,-82.24,168.56,-193.39
43389,36,right,3,Ring,Proximal,-82.24,168.56,-193.39,-107.37,159.01,-209.01
43389,36,right,3,Ring,Intermediate,-107.37,159.01,-209.01,-121.48,152.57,-218.53
43389,36,right,3,Ring,Distal,-121.48,152.57,-218.53,-131.39,147.84,-227.77
43389,36,right,4,Pinky,Metacarpal,-48.61,176.82,-144.63,-85.87,181.24,-181.25
43389,36,right,4,Pinky,Proximal,-85.87,181.24,-181.25,-106.13,180.02,-186.87
43389,36,right,4,Pinky,Intermediate,-106.13,180.02,-186.87,-120.96,179.65,-192.91
43389,36,right,4,Pinky,Distal,-120.96,179.65,-192.91,-130.70,179.93,-198.59
43390,36,right,0,Thumb,Metacarpal,-21.54,166.09,-157.79,-21.54,166.09,-157.79
43390,36,right,0,Thumb,Proximal,-21.54,166.09,-157.79,-17.38,141.44,-194.00
43390,36,right,0,Thumb,Intermediate,-17.38,141.44,-194.00,-17.76,128.61,-214.16
43390,36,right,0,Thumb,Distal,-17.76,128.61,-214.16,-20.25,120.93,-228.35
43390,36,right,1,Index,Metacarpal,-32.60,158.54,-153.23,-59.35,150.81,-213.59
43390,36,right,1,Index,Proximal,-59.35,150.81,-213.59,-73.77,140.41,-235.94
43390,36,right,1,Index,Intermediate,-73.77,140.41,-235.94,-83.06,134.08,-252.31
43390,36,right,1,Index,Distal,-83.06,134.08,-252.31,-90.44,129.92,-266.21
43390,36,right,2,Middle,Metacarpal,-40.15,161.29,-151.46,-72.11,158.72,-205.74
43390,36,right,2,Middle,Proximal,-72.11,158.72,-205.74,-95.70,149.87,-227.06
43390,36,right,2,Middle,Intermediate,-95.70,149.87,-227.06,-112.61,143.95,-243.52
43390,36,right,2,Middle,Distal,-112.61,143.95,-243.52,-123.71,140.66,-256.22
43390,36,right,3,Ring,Metacarpal,-47.93,168.95,-148.84,-82.41,171.54,-193.65
43390,36,right,3,Ring,Proximal,-82.41,171.54,-193.65,-107.55,162.43,-209.27
43390,36,right,3,Ring,Intermediate,-107.55,162.43,-209.27,-121.70,156.11,-218.82
43390,36,right,3,Ring,Distal,-121.70,156.11,-218.82,-131.74,151.56,-228.05
43390,36,right,4,Pinky,Metacarpal,-48.76,179.31,-144.98,-85.98,184.18,-181.52
43390,36,right,4,Pinky,Proximal,-85.98,184.18,-181.52,-106.20,182.80,-187.40
43390,36,right,4,Pinky,Intermediate,-106.20,182.80,-187.40,-121.12,182.34,-193.75
43390,36,right,4,Pinky,Distal,-121.12,182.34,-193.75,-130.91,182.65,-199.58
43391,36,right,0,Thumb,Metacarpal,-20.80,168.65,-158.09,-20.80,168.65,-158.09
43391,36,right,0,Thumb,Proximal,-20.80,168.65,-158.09,-17.13,144.28,-194.58
43391,36,right,0,Thumb,Intermediate,-17.13,144.28,-194.58,-17.59,131.52,-214.56
43391,36,right,0,Thumb,Distal,-17.59,131.52,-214.56,-20.08,123.91,-228.48
43391,36,right,1,Index,Metacarpal,-31.81,161.20,-153.35,-59.07,154.00,-213.44
43391,36,right,1,Index,Proximal,-59.07,154.00,-213.44,-73.56,143.81,-235.67
43391,36,right,1,Index,Intermediate,-73.56,143.81,-235.67,-82.95,137.73,-252.17
43391,36,right,1,Index,Distal,-82.95,137.73,-252.17,-90.45,133.69,-266.16
43391,36,right,2,Middle,Metacarpal,-39.29,164.12,-151.55,-71.63,162.12,-205.51
43391,36,right,2,Middle,Proximal,-71.63,162.12,-205.51,-95.49,153.68,-226.80
43391,36,right,2,Middle,Intermediate,-95.49,153.68,-226.80,-112.71,148.21,-243.40
43391,36,right,2,Middle,Distal,-112.71,148.21,-243.40,-123.84,145.24,-256.14
43391,36,right,3,Ring,Metacarpal,-46.97,171.87,-148.87,-81.70,175.04,-193.35
43391,36,right,3,Ring,Proximal,-81.70,175.04,-193.35,-106.85,166.79,-209.13
43391,36,right,3,Ring,Intermediate,-106.85,166.79,-209.13,-121.03,161.08,-218.79
43391,36,right,3,Ring,Distal,-121.03,161.08,-218.79,-131.09,157.11,-228.10
43391,36,right,4,Pinky,Metacarpal,-47.79,182.22,-145.01,-85.16,187.68,-181.21
43391,36,right,4,Pinky,Proximal,-85.16,187.68,-181.21,-105.34,186.48,-187.27
43391,36,right,4,Pinky,Intermediate,-105.34,186.48,-187.27,-120.28,186.36,-193.81
43391,36,right,4,Pinky,Distal,-120.28,186.36,-193.81,-130.07,187.20,-199.79
43392,36,right,0,Thumb,Metacarpal,-18.49,172.40,-158.59,-18.49,172.40,-158.59
43392,36,right,0,Thumb,Proximal,-18.49,172.40,-158.59,-15.14,147.88,-195.13
43392,36,right,0,Thumb,Intermediate,-15.14,147.88,-195.13,-15.58,134.79,-215.02
43392,36,right,0,Thumb,Distal,-15.58,134.79,-215.02,-18.10,126.98,-228.81
43392,36,right,1,Index,Metacarpal,-29.36,164.91,-153.59,-57.06,157.79,-213.39
43392,36,right,1,Index,Proximal,-57.06,157.79,-213.39,-71.92,147.77,-235.55
43392,36,right,1,Index,Intermediate,-71.92,147.77,-235.55,-81.73,141.99,-252.15
43392,36,right,1,Index,Distal,-81.73,141.99,-252.15,-89.63,138.18,-266.30
43392,36,right,2,Middle,Metacarpal,-36.80,167.85,-151.74,-69.53,165.92,-205.37
43392,36,right,2,Middle,Proximal,-69.53,165.92,-205.37,-93.60,157.93,-226.77
43392,36,right,2,Middle,Intermediate,-93.60,157.93,-226.77,-111.02,153.04,-243.51
43392,36,right,2,Middle,Distal,-111.02,153.04,-243.51,-122.13,150.53,-256.29
43392,36,right,3,Ring,Metacarpal,-44.44,175.58,-149.00,-79.48,178.79,-193.13
43392,36,right,3,Ring,Proximal,-79.48,178.79,-193.13,-104.66,171.32,-209.30
43392,36,right,3,Ring,Intermediate,-104.66,171.32,-209.30,-118.89,166.48,-219.51
43392,36,right,3,Ring,Distal,-118.89,166.48,-219.51,-128.88,163.36,-229.07
43392,36,right,4,Pinky,Metacarpal,-45.29,185.94,-145.17,-82.91,191.42,-181.01
43392,36,right,4,Pinky,Proximal,-82.91,191.42,-181.01,-103.04,190.37,-187.43
43392,36,right,4,Pinky,Intermediate,-103.04,190.37,-187.43,-117.94,190.72,-194.71
43392,36,right,4,Pinky,Distal,-117.94,190.72,-194.71,-127.63,192.07,-201.12
43393,36,right,0,Thumb,Metacarpal,-15.29,176.97,-158.91,-15.29,176.97,-158.91
43393,36,right,0,Thumb,Proximal,-15.29,176.97,-158.91,-12.27,151.85,-195.59
43393,36,right,0,Thumb,Intermediate,-12.27,151.85,-195.59,-12.97,138.35,-215.65
43393,36,right,0,Thumb,Distal,-12.97,138.35,-215.65,-15.96,130.24,-229.59
43393,36,right,1,Index,Metacarpal,-26.12,169.47,-153.79,-54.00,162.59,-213.59
43393,36,right,1,Index,Proximal,-54.00,162.59,-213.59,-68.80,153.02,-235.83
43393,36,right,1,Index,Intermediate,-68.80,153.02,-235.83,-78.56,147.67,-252.80
43393,36,right,1,Index,Distal,-78.56,147.67,-252.80,-86.42,144.17,-267.26
43393,36,right,2,Middle,Metacarpal,-33.52,172.37,-151.93,-66.42,170.65,-205.52
43393,36,right,2,Middle,Proximal,-66.42,170.65,-205.52,-90.51,163.36,-227.08
43393,36,right,2,Middle,Intermediate,-90.51,163.36,-227.08,-107.96,159.20,-244.12
43393,36,right,2,Middle,Distal,-107.96,159.20,-244.12,-119.00,157.23,-256.98
43393,36,right,3,Ring,Metacarpal,-41.11,180.02,-149.21,-76.30,183.40,-193.26
43393,36,right,3,Ring,Proximal,-76.30,183.40,-193.26,-101.40,176.70,-210.15
43393,36,right,3,Ring,Intermediate,-101.40,176.70,-210.15,-115.57,172.53,-220.81
43393,36,right,3,Ring,Distal,-115.57,172.53,-220.81,-125.37,170.20,-230.58
43393,36,right,4,Pinky,Metacarpal,-41.97,190.36,-145.41,-79.71,195.96,-181.15
43393,36,right,4,Pinky,Proximal,-79.71,195.96,-181.15,-99.75,195.23,-188.22
43393,36,right,4,Pinky,Intermediate,-99.75,195.23,-188.22,-114.52,196.11,-196.13
43393,36,right,4,Pinky,Distal,-114.52,196.11,-196.13,-123.96,198.06,-202.87
43394,36,right,0,Thumb,Metacarpal,-11.68,180.76,-159.09,-11.68,180.76,-159.09
43394,36,right,0,Thumb,Proximal,-11.68,180.76,-159.09,-9.11,155.37,-196.01
43394,36,right,0,Thumb,Intermediate,-9.11,155.37,-196.01,-9.89,141.67,-216.29
43394,36,right,0,Thumb,Distal,-9.89,141.67,-216.29,-12.81,133.51,-230.32
43394,36,right,1,Index,Metacarpal,-22.59,173.33,-154.02,-50.37,166.93,-214.01
43394,36,right,1,Index,Proximal,-50.37,166.93,-214.01,-65.40,157.83,-236.61
43394,36,right,1,Index,Intermediate,-65.40,157.83,-236.61,-75.30,152.78,-253.70
43394,36,right,1,Index,Distal,-75.30,152.78,-253.70,-83.22,149.48,-268.15
43394,36,right,2,Middle,Metacarpal,-29.97,176.34,-152.18,-62.76,175.12,-205.96
43394,36,right,2,Middle,Proximal,-62.76,175.12,-205.96,-86.84,168.38,-227.79
43394,36,right,2,Middle,Intermediate,-86.84,168.38,-227.79,-104.28,164.65,-245.01
43394,36,right,2,Middle,Distal,-104.28,164.65,-245.01,-115.27,163.04,-257.93
43394,36,right,3,Ring,Metacarpal,-37.47,183.97,-149.53,-72.53,187.85,-193.74
43394,36,right,3,Ring,Proximal,-72.53,187.85,-193.74,-97.50,181.75,-211.07
43394,36,right,3,Ring,Intermediate,-97.50,181.75,-211.07,-111.61,177.81,-221.89
43394,36,right,3,Ring,Distal,-111.61,177.81,-221.89,-121.30,175.67,-231.79
43394,36,right,4,Pinky,Metacarpal,-38.09,194.21,-145.80,-75.72,200.31,-181.69
43394,36,right,4,Pinky,Proximal,-75.72,200.31,-181.69,-95.50,200.63,-189.28
43394,36,right,4,Pinky,Intermediate,-95.50,200.63,-189.28,-110.10,202.23,-197.45
43394,36,right,4,Pinky,Distal,-110.10,202.23,-197.45,-119.38,204.54,-204.34
43395,36,right,0,Thumb,Metacarpal,-8.63,184.01,-160.24,-8.63,184.01,-160.24
43395,36,right,0,Thumb,Proximal,-8.63,184.01,-160.24,-6.60,157.03,-196.81
43395,36,right,0,Thumb,Intermediate,-6.60,157.03,-196.81,-7.86,142.84,-216.86
43395,36,right,0,Thumb,Distal,-7.86,142.84,-216.86,-11.30,134.40,-230.72
43395,36,right,1,Index,Metacarpal,-19.72,176.84,-155.05,-47.27,170.32,-215.32
43395,36,right,1,Index,Proximal,-47.27,170.32,-215.32,-62.15,161.30,-238.12
43395,36,right,1,Index,Intermediate,-62.15,161.30,-238.12,-71.69,156.21,-255.37
43395,36,right,1,Index,Distal,-71.69,156.21,-255.37,-79.21,152.92,-269.98
43395,36,right,2,Middle,Metacarpal,-27.10,179.89,-153.24,-59.62,178.70,-207.35
43395,36,right,2,Middle,Proximal,-59.62,178.70,-207.35,-83.71,172.19,-229.12
43395,36,right,2,Middle,Intermediate,-83.71,172.19,-229.12,-101.17,168.61,-246.12
43395,36,right,2,Middle,Distal,-101.17,168.61,-246.12,-112.15,167.07,-258.94
43395,36,right,3,Ring,Metacarpal,-34.35,187.56,-150.82,-69.14,191.59,-195.40
43395,36,right,3,Ring,Proximal,-69.14,191.59,-195.40,-94.11,185.89,-212.75
43395,36,right,3,Ring,Intermediate,-94.11,185.89,-212.75,-108.14,182.11,-223.26
43395,36,right,3,Ring,Distal,-108.14,182.11,-223.26,-117.66,180.17,-233.03
43395,36,right,4,Pinky,Metacarpal,-34.67,197.86,-147.40,-72.05,204.24,-183.68
43395,36,right,4,Pinky,Proximal,-72.05,204.24,-183.68,-91.73,205.19,-191.50
43395,36,right,4,Pinky,Intermediate,-91.73,205.19,-191.50,-106.29,207.32,-199.55
43395,36,right,4,Pinky,Distal,-106.29,207.32,-199.55,-115.57,210.09,-206.32
43396,36,right,0,Thumb,Metacarpal,-5.64,186.21,-161.97,-5.64,186.21,-161.97
43396,36,right,0,Thumb,Proximal,-5.64,186.21,-161.97,-4.14,158.66,-198.63
43396,36,right,0,Thumb,Intermediate,-4.14,158.66,-198.63,-5.42,144.20,-218.77
43396,36,right,0,Thumb,Distal,-5.42,144.20,-218.77,-8.59,135.74,-232.65
43396,36,right,1,Index,Metacarpal,-16.97,179.20,-156.84,-44.05,172.53,-217.56
43396,36,right,1,Index,Proximal,-44.05,172.53,-217.56,-58.77,163.67,-240.76
43396,36,right,1,Index,Intermediate,-58.77,163.67,-240.76,-68.04,158.69,-258.12
43396,36,right,1,Index,Distal,-68.04,158.69,-258.12,-75.27,155.53,-272.74
43396,36,right,2,Middle,Metacarpal,-24.28,182.26,-155.11,-56.35,181.05,-209.75
43396,36,right,2,Middle,Proximal,-56.35,181.05,-209.75,-80.41,174.45,-231.42
43396,36,right,2,Middle,Intermediate,-80.41,174.45,-231.42,-97.98,170.68,-248.37
43396,36,right,2,Middle,Distal,-97.98,170.68,-248.37,-109.01,168.89,-261.20
43396,36,right,3,Ring,Metacarpal,-31.31,189.95,-152.94,-65.70,194.07,-198.08
43396,36,right,3,Ring,Proximal,-65.70,194.07,-198.08,-90.65,188.48,-215.32
43396,36,right,3,Ring,Intermediate,-90.65,188.48,-215.32,-104.57,184.63,-225.65
43396,36,right,3,Ring,Distal,-104.57,184.63,-225.65,-113.99,182.53,-235.32
43396,36,right,4,Pinky,Metacarpal,-31.42,200.24,-149.69,-68.47,206.80,-186.54
43396,36,right,4,Pinky,Proximal,-68.47,206.80,-186.54,-87.91,208.28,-194.54
43396,36,right,4,Pinky,Intermediate,-87.91,208.28,-194.54,-102.12,210.75,-202.66
43396,36,right,4,Pinky,Distal,-102.12,210.75,-202.66,-111.13,213.47,-209.49
43397,36,right,0,Thumb,Metacarpal,-4.11,187.44,-163.51,-4.11,187.44,-163.51
43397,36,right,0,Thumb,Proximal,-4.11,187.44,-163.51,-3.06,160.15,-200.20
43397,36,right,0,Thumb,Intermediate,-3.06,160.15,-200.20,-4.53,145.92,-220.36
43397,36,right,0,Thumb,Distal,-4.53,145.92,-220.36,-7.54,137.56,-234.29
43397,36,right,1,Index,Metacarpal,-15.50,180.79,-158.45,-42.55,174.58,-219.16
43397,36,right,1,Index,Proximal,-42.55,174.58,-219.16,-57.60,165.95,-242.24
43397,36,right,1,Index,Intermediate,-57.60,165.95,-242.24,-67.03,160.94,-259.29
43397,36,right,1,Index,Distal,-67.03,160.94,-259.29,-74.46,157.65,-273.73
43397,36,right,2,Middle,Metacarpal,-22.80,183.90,-156.72,-54.73,183.26,-211.38
43397,36,right,2,Middle,Proximal,-54.73,183.26,-211.38,-78.79,177.15,-232.80
43397,36,right,2,Middle,Intermediate,-78.79,177.15,-232.80,-96.36,173.78,-249.36
43397,36,right,2,Middle,Distal,-96.36,173.78,-249.36,-107.41,172.26,-262.10
43397,36,right,3,Ring,Metacarpal,-29.71,191.83,-154.51,-63.86,196.59,-199.69
43397,36,right,3,Ring,Proximal,-63.86,196.59,-199.69,-88.55,191.43,-216.90
43397,36,right,3,Ring,Intermediate,-88.55,191.43,-216.90,-102.19,187.72,-227.09
43397,36,right,3,Ring,Distal,-102.19,187.72,-227.09,-111.42,185.62,-236.55
43397,36,right,4,Pinky,Metacarpal,-29.56,202.14,-151.22,-66.33,209.41,-188.13
43397,36,right,4,Pinky,Proximal,-66.33,209.41,-188.13,-85.31,211.22,-196.05
43397,36,right,4,Pinky,Intermediate,-85.31,211.22,-196.05,-99.19,213.69,-204.10
43397,36,right,4,Pinky,Distal,-99.19,213.69,-204.10,-108.04,216.31,-210.91
43398,36,right,0,Thumb,Metacarpal,-4.21,189.01,-164.27,-4.21,189.01,-164.27
43398,36,right,0,Thumb,Proximal,-4.21,189.01,-164.27,-3.37,162.67,-201.18
43398,36,right,0,Thumb,Intermediate,-3.37,162.67,-201.18,-4.93,148.88,-221.62
43398,36,right,0,Thumb,Distal,-4.93,148.88,-221.62,-7.87,140.94,-235.81
43398,36,right,1,Index,Metacarpal,-15.63,182.63,-159.31,-42.73,177.14,-219.88
43398,36,right,1,Index,Proximal,-42.73,177.14,-219.88,-58.52,168.92,-242.51
43398,36,right,1,Index,Intermediate,-58.52,168.92,-242.51,-68.49,164.06,-259.08
43398,36,right,1,Index,Distal,-68.49,164.06,-259.08,-76.34,160.74,-273.25
43398,36,right,2,Middle,Metacarpal,-22.92,185.93,-157.58,-54.76,186.09,-212.11
43398,36,right,2,Middle,Proximal,-54.76,186.09,-212.11,-78.95,181.29,-233.29
43398,36,right,2,Middle,Intermediate,-78.95,181.29,-233.29,-96.53,179.01,-249.66
43398,36,right,2,Middle,Distal,-96.53,179.01,-249.66,-107.54,178.14,-262.35
43398,36,right,3,Ring,Metacarpal,-29.76,194.11,-155.26,-63.69,199.71,-200.33
43398,36,right,3,Ring,Proximal,-63.69,199.71,-200.33,-88.07,195.02,-217.49
43398,36,right,3,Ring,Intermediate,-88.07,195.02,-217.49,-101.49,191.49,-227.58
43398,36,right,3,Ring,Distal,-101.49,191.49,-227.58,-110.57,189.44,-236.93
43398,36,right,4,Pinky,Metacarpal,-29.43,204.49,-151.82,-65.92,212.65,-188.65
43398,36,right,4,Pinky,Proximal,-65.92,212.65,-188.65,-84.53,214.19,-196.41
43398,36,right,4,Pinky,Intermediate,-84.53,214.19,-196.41,-98.31,216.23,-204.33
43398,36,right,4,Pinky,Distal,-98.31,216.23,-204.33,-107.22,218.44,-211.09
43399,36,right,0,Thumb,Metacarpal,-5.55,192.13,-164.93,-5.55,192.13,-164.93
43399,36,right,0,Thumb,Proximal,-5.55,192.13,-164.93,-4.78,165.71,-201.89
43399,36,right,0,Thumb,Intermediate,-4.78,165.71,-201.89,-6.45,152.00,-222.39
43399,36,right,0,Thumb,Distal,-6.45,152.00,-222.39,-9.37,143.98,-236.63
43399,36,right,1,Index,Metacarpal,-17.00,185.71,-160.08,-44.08,180.46,-220.66
43399,36,right,1,Index,Proximal,-44.08,180.46,-220.66,-59.91,172.36,-243.10
43399,36,right,1,Index,Intermediate,-59.91,172.36,-243.10,-69.83,167.34,-259.62
43399,36,right,1,Index,Distal,-69.83,167.34,-259.62,-77.66,163.91,-273.77
43399,36,right,2,Middle,Metacarpal,-24.28,189.02,-158.37,-56.09,189.41,-212.89
43399,36,right,2,Middle,Proximal,-56.09,189.41,-212.89,-80.03,185.04,-234.24
43399,36,right,2,Middle,Intermediate,-80.03,185.04,-234.24,-97.09,183.07,-250.71
43399,36,right,2,Middle,Distal,-97.09,183.07,-250.71,-107.79,182.36,-263.46
43399,36,right,3,Ring,Metacarpal,-31.07,197.16,-156.02,-64.96,202.95,-201.07
43399,36,right,3,Ring,Proximal,-64.96,202.95,-201.07,-89.07,198.37,-218.33
43399,36,right,3,Ring,Intermediate,-89.07,198.37,-218.33,-102.37,194.86,-228.41
43399,36,right,3,Ring,Distal,-102.37,194.86,-228.41,-111.48,192.92,-237.72
43399,36,right,4,Pinky,Metacarpal,-30.71,207.52,-152.50,-67.17,215.84,-189.30
43399,36,right,4,Pinky,Proximal,-67.17,215.84,-189.30,-85.58,217.23,-197.12
43399,36,right,4,Pinky,Intermediate,-85.58,217.23,-197.12,-99.41,218.50,-205.00
43399,36,right,4,Pinky,Distal,-99.41,218.50,-205.00,-108.46,220.14,-211.71
43400,36,right,0,Thumb,Metacarpal,-7.21,194.99,-166.28,-7.21,194.99,-166.28
43400,36,right,0,Thumb,Proximal,-7.21,194.99,-166.28,-6.15,168.18,-203.03
43400,36,right,0,Thumb,Intermediate,-6.15,168.18,-203.03,-7.47,154.39,-223.32
43400,36,right,0,Thumb,Distal,-7.47,154.39,-223.32,-10.01,146.17,-237.49
43400,36,right,1,Index,Metacarpal,-18.54,188.29,-161.42,-45.68,183.01,-221.87
43400,36,right,1,Index,Proximal,-45.68,183.01,-221.87,-61.08,174.88,-244.32
43400,36,right,1,Index,Intermediate,-61.08,174.88,-244.32,-70.51,169.81,-260.87
43400,36,right,1,Index,Distal,-70.51,169.81,-260.87,-77.90,166.34,-275.08
43400,36,right,2,Middle,Metacarpal,-25.85,191.56,-159.69,-57.76,191.82,-214.04
43400,36,right,2,Middle,Proximal,-57.76,191.82,-214.04,-81.18,186.97,-235.44
43400,36,right,2,Middle,Intermediate,-81.18,186.97,-235.44,-98.01,184.57,-251.89
43400,36,right,2,Middle,Distal,-98.01,184.57,-251.89,-108.66,183.54,-264.62
43400,36,right,3,Ring,Metacarpal,-32.69,199.64,-157.21,-66.73,205.21,-202.08
43400,36,right,3,Ring,Proximal,-66.73,205.21,-202.08,-90.87,200.54,-219.04
43400,36,right,3,Ring,Intermediate,-90.87,200.54,-219.04,-104.21,196.85,-228.78
43400,36,right,3,Ring,Distal,-104.21,196.85,-228.78,-113.38,194.70,-237.73
43400,36,right,4,Pinky,Metacarpal,-32.56,209.96,-153.61,-69.17,217.99,-190.21
43400,36,right,4,Pinky,Proximal,-69.17,217.99,-190.21,-87.61,219.02,-197.63
43400,36,right,4,Pinky,Intermediate,-87.61,219.02,-197.63,-101.59,219.96,-205.06
43400,36,right,4,Pinky,Distal,-101.59,219.96,-205.06,-110.91,221.37,-211.43
43401,36,right,0,Thumb,Metacarpal,-8.91,197.26,-167.74,-8.91,197.26,-167.74
43401,36,right,0,Thumb,Proximal,-8.91,197.26,-167.74,-7.61,170.09,-204.24
43401,36,right,0,Thumb,Intermediate,-7.61,170.09,-204.24,-8.77,156.13,-224.39
43401,36,right,0,Thumb,Distal,-8.77,156.13,-224.39,-11.15,147.76,-238.50
43401,36,right,1,Index,Metacarpal,-20.10,190.27,-162.85,-47.27,184.78,-223.13
43401,36,right,1,Index,Proximal,-47.27,184.78,-223.13,-62.45,176.40,-245.48
43401,36,right,1,Index,Intermediate,-62.45,176.40,-245.48,-71.68,171.02,-262.04
43401,36,right,1,Index,Distal,-71.68,171.02,-262.04,-78.93,167.32,-276.29
43401,36,right,2,Middle,Metacarpal,-27.46,193.51,-161.07,-59.47,193.46,-215.24
43401,36,right,2,Middle,Proximal,-59.47,193.46,-215.24,-82.44,187.87,-236.73
43401,36,right,2,Middle,Intermediate,-82.44,187.87,-236.73,-98.95,184.99,-253.24
43401,36,right,2,Middle,Distal,-98.95,184.99,-253.24,-109.40,183.67,-265.92
43401,36,right,3,Ring,Metacarpal,-34.38,201.48,-158.49,-68.56,206.69,-203.18
43401,36,right,3,Ring,Proximal,-68.56,206.69,-203.18,-92.62,201.86,-219.98
43401,36,right,3,Ring,Intermediate,-92.62,201.86,-219.98,-105.91,198.04,-229.66
43401,36,right,3,Ring,Distal,-105.91,198.04,-229.66,-115.06,195.78,-238.54
43401,36,right,4,Pinky,Metacarpal,-34.43,211.80,-154.86,-71.19,219.40,-191.28
43401,36,right,4,Pinky,Proximal,-71.19,219.40,-191.28,-89.65,220.30,-198.71
43401,36,right,4,Pinky,Intermediate,-89.65,220.30,-198.71,-103.58,221.35,-206.15
43401,36,right,4,Pinky,Distal,-103.58,221.35,-206.15,-112.88,222.86,-212.47
43402,36,right,0,Thumb,Metacarpal,-9.78,198.36,-169.23,-9.78,198.36,-169.23
43402,36,right,0,Thumb,Proximal,-9.78,198.36,-169.23,-8.44,171.15,-205.55
43402,36,right,0,Thumb,Intermediate,-8.44,171.15,-205.55,-9.50,157.01,-225.57
43402,36,right,0,Thumb,Distal,-9.50,157.01,-225.57,-11.69,148.52,-239.62
43402,36,right,1,Index,Metacarpal,-20.88,191.17,-164.30,-47.98,185.52,-224.51
43402,36,right,1,Index,Proximal,-47.98,185.52,-224.51,-63.32,176.97,-246.73
43402,36,right,1,Index,Intermediate,-63.32,176.97,-246.73,-72.71,171.54,-263.18
43402,36,right,1,Index,Distal,-72.71,171.54,-263.18,-80.10,167.87,-277.37
43402,36,right,2,Middle,Metacarpal,-28.30,194.37,-162.48,-60.27,194.11,-216.58
43402,36,right,2,Middle,Proximal,-60.27,194.11,-216.58,-82.71,188.00,-238.34
43402,36,right,2,Middle,Intermediate,-82.71,188.00,-238.34,-98.97,184.77,-255.15
43402,36,right,2,Middle,Distal,-98.97,184.77,-255.15,-109.28,183.30,-267.89
43402,36,right,3,Ring,Metacarpal,-35.29,202.32,-159.89,-69.48,207.27,-204.50
43402,36,right,3,Ring,Proximal,-69.48,207.27,-204.50,-93.49,202.42,-221.34
43402,36,right,3,Ring,Intermediate,-93.49,202.42,-221.34,-106.76,198.66,-231.08
43402,36,right,3,Ring,Distal,-106.76,198.66,-231.08,-115.88,196.43,-240.06
43402,36,right,4,Pinky,Metacarpal,-35.45,212.66,-156.27,-72.22,219.96,-192.63
43402,36,right,4,Pinky,Proximal,-72.22,219.96,-192.63,-90.71,220.89,-200.00
43402,36,right,4,Pinky,Intermediate,-90.71,220.89,-200.00,-104.64,222.05,-207.45
43402,36,right,4,Pinky,Distal,-104.64,222.05,-207.45,-113.96,223.59,-213.77
43403,36,right,0,Thumb,Metacarpal,-9.79,199.59,-170.33,-9.79,199.59,-170.33
43403,36,right,0,Thumb,Proximal,-9.79,199.59,-170.33,-8.58,172.24,-206.56
43403,36,right,0,Thumb,Intermediate,-8.58,172.24,-206.56,-9.84,158.09,-226.55
43403,36,right,0,Thumb,Distal,-9.84,158.09,-226.55,-12.26,149.60,-240.65
43403,36,right,1,Index,Metacarpal,-20.97,192.48,-165.46,-47.90,186.82,-225.72
43403,36,right,1,Index,Proximal,-47.90,186.82,-225.72,-63.14,178.38,-247.96
43403,36,right,1,Index,Intermediate,-63.14,178.38,-247.96,-72.43,173.14,-264.52
43403,36,right,1,Index,Distal,-72.43,173.14,-264.52,-79.68,169.66,-278.75
43403,36,right,2,Middle,Metacarpal,-28.35,195.69,-163.63,-60.14,195.46,-217.81
43403,36,right,2,Middle,Proximal,-60.14,195.46,-217.81,-82.43,189.34,-239.77
43403,36,right,2,Middle,Intermediate,-82.43,189.34,-239.77,-98.53,186.12,-256.69
43403,36,right,2,Middle,Distal,-98.53,186.12,-256.69,-108.65,184.71,-269.52
43403,36,right,3,Ring,Metacarpal,-35.29,203.66,-161.09,-69.30,208.67,-205.81
43403,36,right,3,Ring,Proximal,-69.30,208.67,-205.81,-93.15,204.20,-222.88
43403,36,right,3,Ring,Intermediate,-93.15,204.20,-222.88,-106.24,200.83,-232.84
43403,36,right,3,Ring,Distal,-106.24,200.83,-232.84,-115.19,199.00,-241.94
43403,36,right,4,Pinky,Metacarpal,-35.34,214.03,-157.55,-71.96,221.43,-194.03
43403,36,right,4,Pinky,Proximal,-71.96,221.43,-194.03,-90.45,222.30,-201.52
43403,36,right,4,Pinky,Intermediate,-90.45,222.30,-201.52,-104.41,223.44,-209.08
43403,36,right,4,Pinky,Distal,-104.41,223.44,-209.08,-113.73,225.06,-215.45
43404,36,right,0,Thumb,Metacarpal,-9.58,201.35,-171.30,-9.58,201.35,-171.30
43404,36,right,0,Thumb,Proximal,-9.58,201.35,-171.30,-8.57,173.93,-207.56
43404,36,right,0,Thumb,Intermediate,-8.57,173.93,-207.56,-9.93,159.71,-227.57
43404,36,right,0,Thumb,Distal,-9.93,159.71,-227.57,-12.48,151.21,-241.69
43404,36,right,1,Index,Metacarpal,-20.80,194.38,-166.41,-47.60,188.75,-226.72
43404,36,right,1,Index,Proximal,-47.60,188.75,-226.72,-62.82,180.52,-249.00
43404,36,right,1,Index,Intermediate,-62.82,180.52,-249.00,-72.13,175.57,-265.65
43404,36,right,1,Index,Distal,-72.13,175.57,-265.65,-79.41,172.31,-279.94
43404,36,right,2,Middle,Metacarpal,-28.15,197.60,-164.60,-59.79,197.45,-218.86
43404,36,right,2,Middle,Proximal,-59.79,197.45,-218.86,-81.91,191.73,-240.96
43404,36,right,2,Middle,Intermediate,-81.91,191.73,-240.96,-97.81,189.16,-258.02
43404,36,right,2,Middle,Distal,-97.81,189.16,-258.02,-107.70,188.38,-270.88
43404,36,right,3,Ring,Metacarpal,-35.04,205.63,-162.12,-68.88,210.75,-206.94
43404,36,right,3,Ring,Proximal,-68.88,210.75,-206.94,-92.59,207.27,-224.49
43404,36,right,3,Ring,Intermediate,-92.59,207.27,-224.49,-105.50,204.80,-234.79
43404,36,right,3,Ring,Distal,-105.50,204.80,-234.79,-114.22,203.78,-244.05
43404,36,right,4,Pinky,Metacarpal,-35.03,216.02,-158.66,-71.49,223.57,-195.25
43404,36,right,4,Pinky,Proximal,-71.49,223.57,-195.25,-89.92,224.69,-202.89
43404,36,right,4,Pinky,Intermediate,-89.92,224.69,-202.89,-103.83,226.11,-210.66
43404,36,right,4,Pinky,Distal,-103.83,226.11,-210.66,-113.04,228.05,-217.18
43405,36,right,0,Thumb,Metacarpal,-9.13,202.96,-171.91,-9.13,202.96,-171.91
43405,36,right,0,Thumb,Proximal,-9.13,202.96,-171.91,-8.12,175.61,-208.17
43405,36,right,0,Thumb,Intermediate,-8.12,175.61,-208.17,-9.48,161.42,-228.20
43405,36,right,0,Thumb,Distal,-9.48,161.42,-228.20,-12.06,152.96,-242.34
43405,36,right,1,Index,Metacarpal,-20.35,196.00,-167.02,-46.98,190.51,-227.36
43405,36,right,1,Index,Proximal,-46.98,190.51,-227.36,-62.19,182.55,-249.65
43405,36,right,1,Index,Intermediate,-62.19,182.55,-249.65,-71.53,177.75,-266.34
43405,36,right,1,Index,Distal,-71.53,177.75,-266.34,-78.83,174.56,-280.63
43405,36,right,2,Middle,Metacarpal,-27.68,199.26,-165.22,-59.15,199.25,-219.52
43405,36,right,2,Middle,Proximal,-59.15,199.25,-219.52,-81.15,193.90,-241.83
43405,36,right,2,Middle,Intermediate,-81.15,193.90,-241.83,-96.89,191.67,-259.01
43405,36,right,2,Middle,Distal,-96.89,191.67,-259.01,-106.63,191.12,-271.85
43405,36,right,3,Ring,Metacarpal,-34.57,207.31,-162.77,-68.25,212.57,-207.63
43405,36,right,3,Ring,Proximal,-68.25,212.57,-207.63,-91.85,209.63,-225.45
43405,36,right,3,Ring,Intermediate,-91.85,209.63,-225.45,-104.62,207.63,-235.93
43405,36,right,3,Ring,Distal,-104.62,207.63,-235.93,-113.15,206.96,-245.25
43405,36,right,4,Pinky,Metacarpal,-34.57,217.70,-159.30,-70.88,225.38,-195.95
43405,36,right,4,Pinky,Proximal,-70.88,225.38,-195.95,-89.19,226.66,-203.70
43405,36,right,4,Pinky,Intermediate,-89.19,226.66,-203.70,-102.93,228.27,-211.57
43405,36,right,4,Pinky,Distal,-102.93,228.27,-211.57,-111.97,230.38,-218.15
43406,36,right,0,Thumb,Metacarpal,-8.55,204.14,-172.42,-8.55,204.14,-172.42
43406,36,right,0,Thumb,Proximal,-8.55,204.14,-172.42,-7.67,176.77,-208.68
43406,36,right,0,Thumb,Intermediate,-7.67,176.77,-208.68,-9.10,162.63,-228.74
43406,36,right,0,Thumb,Distal,-9.10,162.63,-228.74,-11.71,154.26,-242.92
43406,36,right,1,Index,Metacarpal,-19.79,197.27,-167.54,-46.36,192.05,-227.86
43406,36,right,1,Index,Proximal,-46.36,192.05,-227.86,-61.59,184.26,-250.16
43406,36,right,1,Index,Intermediate,-61.59,184.26,-250.16,-70.94,179.51,-266.85
43406,36,right,1,Index,Distal,-70.94,179.51,-266.85,-78.29,176.32,-281.13
43406,36,right,2,Middle,Metacarpal,-27.13,200.60,-165.74,-58.50,200.90,-220.03
43406,36,right,2,Middle,Proximal,-58.50,200.90,-220.03,-80.42,195.99,-242.54
43406,36,right,2,Middle,Intermediate,-80.42,195.99,-242.54,-96.02,194.01,-259.79
43406,36,right,2,Middle,Distal,-96.02,194.01,-259.79,-105.61,193.60,-272.59
43406,36,right,3,Ring,Metacarpal,-33.96,208.74,-163.29,-67.51,214.32,-208.16
43406,36,right,3,Ring,Proximal,-67.51,214.32,-208.16,-91.02,211.77,-226.05
43406,36,right,3,Ring,Intermediate,-91.02,211.77,-226.05,-103.71,209.97,-236.58
43406,36,right,3,Ring,Distal,-103.71,209.97,-236.58,-112.16,209.41,-245.94
43406,36,right,4,Pinky,Metacarpal,-33.86,219.15,-159.82,-70.02,227.17,-196.48
43406,36,right,4,Pinky,Proximal,-70.02,227.17,-196.48,-88.22,228.54,-204.23
43406,36,right,4,Pinky,Intermediate,-88.22,228.54,-204.23,-101.93,230.16,-212.10
43406,36,right,4,Pinky,Distal,-101.93,230.16,-212.10,-110.99,232.22,-218.66
43407,36,right,0,Thumb,Metacarpal,-8.10,205.86,-172.70,-8.10,205.86,-172.70
43407,36,right,0,Thumb,Proximal,-8.10,205.86,-172.70,-7.28,178.19,-208.87
43407,36,right,0,Thumb,Intermediate,-7.28,178.19,-208.87,-8.84,164.02,-228.90
43407,36,right,0,Thumb,Distal,-8.84,164.02,-228.90,-11.68,155.69,-243.10
43407,36,right,1,Index,Metacarpal,-19.37,199.01,-167.81,-45.88,193.77,-228.08
43407,36,right,1,Index,Proximal,-45.88,193.77,-228.08,-61.00,186.06,-250.42
43407,36,right,1,Index,Intermediate,-61.00,186.06,-250.42,-70.21,181.35,-267.16
43407,36,right,1,Index,Distal,-70.21,181.35,-267.16,-77.40,178.21,-281.45
43407,36,right,2,Middle,Metacarpal,-26.71,202.40,-166.03,-58.00,202.70,-220.29
43407,36,right,2,Middle,Proximal,-58.00,202.70,-220.29,-79.81,198.03,-242.95
43407,36,right,2,Middle,Intermediate,-79.81,198.03,-242.95,-95.19,196.30,-260.22
43407,36,right,2,Middle,Distal,-95.19,196.30,-260.22,-104.55,196.00,-272.97
43407,36,right,3,Ring,Metacarpal,-33.50,210.56,-163.57,-66.94,216.17,-208.43
43407,36,right,3,Ring,Proximal,-66.94,216.17,-208.43,-90.47,213.74,-226.49
43407,36,right,3,Ring,Intermediate,-90.47,213.74,-226.49,-103.15,212.07,-237.08
43407,36,right,3,Ring,Distal,-103.15,212.07,-237.08,-111.56,211.69,-246.42
43407,36,right,4,Pinky,Metacarpal,-33.35,221.01,-160.12,-69.40,229.09,-196.80
43407,36,right,4,Pinky,Proximal,-69.40,229.09,-196.80,-87.59,230.44,-204.55
43407,36,right,4,Pinky,Intermediate,-87.59,230.44,-204.55,-101.35,232.00,-212.39
43407,36,right,4,Pinky,Distal,-101.35,232.00,-212.39,-110.48,234.06,-218.93
43408,36,right,0,Thumb,Metacarpal,-7.27,207.34,-172.32,-7.27,207.34,-172.32
43408,36,right,0,Thumb,Proximal,-7.27,207.34,-172.32,-6.70,179.49,-208.41
43408,36,right,0,Thumb,Intermediate,-6.70,179.49,-208.41,-8.44,165.30,-228.40
43408,36,right,0,Thumb,Distal,-8.44,165.30,-228.40,-11.41,156.99,-242.55
43408,36,right,1,Index,Metacarpal,-18.59,200.63,-167.40,-45.18,195.52,-227.59
43408,36,right,1,Index,Proximal,-45.18,195.52,-227.59,-60.47,187.87,-249.78
43408,36,right,1,Index,Intermediate,-60.47,187.87,-249.78,-69.86,183.18,-266.46
43408,36,right,1,Index,Distal,-69.86,183.18,-266.46,-77.23,180.02,-280.68
43408,36,right,2,Middle,Metacarpal,-25.90,204.06,-165.61,-57.19,204.55,-219.82
43408,36,right,2,Middle,Proximal,-57.19,204.55,-219.82,-79.06,200.26,-242.50
43408,36,right,2,Middle,Intermediate,-79.06,200.26,-242.50,-94.48,198.75,-259.75
43408,36,right,2,Middle,Distal,-94.48,198.75,-259.75,-103.84,198.58,-272.48
43408,36,right,3,Ring,Metacarpal,-32.63,212.31,-163.17,-66.02,218.15,-207.99
43408,36,right,3,Ring,Proximal,-66.02,218.15,-207.99,-89.58,216.29,-226.06
43408,36,right,3,Ring,Intermediate,-89.58,216.29,-226.06,-102.24,214.92,-236.64
43408,36,right,3,Ring,Distal,-102.24,214.92,-236.64,-110.62,214.75,-245.96
43408,36,right,4,Pinky,Metacarpal,-32.33,222.81,-159.72,-68.30,231.15,-196.37
43408,36,right,4,Pinky,Proximal,-68.30,231.15,-196.37,-86.41,232.80,-204.15
43408,36,right,4,Pinky,Intermediate,-86.41,232.80,-204.15,-100.09,234.63,-211.97
43408,36,right,4,Pinky,Distal,-100.09,234.63,-211.97,-109.19,236.93,-218.49
43409,36,right,0,Thumb,Metacarpal,-6.22,208.67,-171.34,-6.22,208.67,-171.34
43409,36,right,0,Thumb,Proximal,-6.22,208.67,-171.34,-5.80,180.97,-207.42
43409,36,right,0,Thumb,Intermediate,-5.80,180.97,-207.42,-7.62,166.78,-227.38
43409,36,right,0,Thumb,Distal,-7.62,166.78,-227.38,-10.61,158.45,-241.51
43409,36,right,1,Index,Metacarpal,-17.57,202.01,-166.37,-44.24,197.31,-226.56
43409,36,right,1,Index,Proximal,-44.24,197.31,-226.56,-59.83,189.84,-248.61
43409,36,right,1,Index,Intermediate,-59.83,189.84,-248.61,-69.60,185.19,-265.24
43409,36,right,1,Index,Distal,-69.60,185.19,-265.24,-77.32,182.02,-279.47
43409,36,right,2,Middle,Metacarpal,-24.84,205.54,-164.59,-56.17,206.46,-218.76
43409,36,right,2,Middle,Proximal,-56.17,206.46,-218.76,-78.30,202.86,-241.35
43409,36,right,2,Middle,Intermediate,-78.30,202.86,-241.35,-93.90,201.88,-258.48
43409,36,right,2,Middle,Distal,-93.90,201.88,-258.48,-103.28,202.12,-271.09
43409,36,right,3,Ring,Metacarpal,-31.52,213.83,-162.15,-64.89,220.08,-206.92
43409,36,right,3,Ring,Proximal,-64.89,220.08,-206.92,-88.46,218.98,-224.99
43409,36,right,3,Ring,Intermediate,-88.46,218.98,-224.99,-101.03,218.08,-235.54
43409,36,right,3,Ring,Distal,-101.03,218.08,-235.54,-109.27,218.33,-244.80
43409,36,right,4,Pinky,Metacarpal,-31.14,224.27,-158.71,-67.07,233.02,-195.30
43409,36,right,4,Pinky,Proximal,-67.07,233.02,-195.30,-84.90,235.10,-203.21
43409,36,right,4,Pinky,Intermediate,-84.90,235.10,-203.21,-98.23,237.43,-211.21
43409,36,right,4,Pinky,Distal,-98.23,237.43,-211.21,-107.03,240.12,-217.84
43410,36,right,0,Thumb,Metacarpal,-5.43,209.89,-169.91,-5.43,209.89,-169.91
43410,36,right,0,Thumb,Proximal,-5.43,209.89,-169.91,-5.22,182.39,-206.02
43410,36,right,0,Thumb,Intermediate,-5.22,182.39,-206.02,-7.09,168.27,-226.01
43410,36,right,0,Thumb,Distal,-7.09,168.27,-226.01,-10.08,159.98,-240.12
43410,36,right,1,Index,Metacarpal,-16.81,203.42,-164.92,-43.67,199.24,-224.96
43410,36,right,1,Index,Proximal,-43.67,199.24,-224.96,-59.64,191.87,-246.73
43410,36,right,1,Index,Intermediate,-59.64,191.87,-246.73,-69.67,187.25,-263.16
43410,36,right,1,Index,Distal,-69.67,187.25,-263.16,-77.57,184.04,-277.26
43410,36,right,2,Middle,Metacarpal,-24.03,207.09,-163.10,-55.43,208.60,-217.13
43410,36,right,2,Middle,Proximal,-55.43,208.60,-217.13,-77.72,205.74,-239.56
43410,36,right,2,Middle,Intermediate,-77.72,205.74,-239.56,-93.34,205.30,-256.51
43410,36,right,2,Middle,Distal,-93.34,205.30,-256.51,-102.67,205.87,-268.95
43410,36,right,3,Ring,Metacarpal,-30.62,215.54,-160.61,-63.94,222.41,-205.24
43410,36,right,3,Ring,Proximal,-63.94,222.41,-205.24,-87.52,221.75,-223.15
43410,36,right,3,Ring,Intermediate,-87.52,221.75,-223.15,-100.06,220.98,-233.58
43410,36,right,3,Ring,Distal,-100.06,220.98,-233.58,-108.25,221.28,-242.71
43410,36,right,4,Pinky,Metacarpal,-30.06,226.03,-157.15,-65.86,235.43,-193.59
43410,36,right,4,Pinky,Proximal,-65.86,235.43,-193.59,-83.52,237.75,-201.57
43410,36,right,4,Pinky,Intermediate,-83.52,237.75,-201.57,-96.81,240.14,-209.58
43410,36,right,4,Pinky,Distal,-96.81,240.14,-209.58,-105.63,242.84,-216.20
43411,36,right,0,Thumb,Metacarpal,-4.74,211.37,-168.44,-4.74,211.37,-168.44
43411,36,right,0,Thumb,Proximal,-4.74,211.37,-168.44,-4.56,183.55,-204.40
43411,36,right,0,Thumb,Intermediate,-4.56,183.55,-204.40,-6.43,169.36,-224.34
43411,36,right,0,Thumb,Distal,-6.43,169.36,-224.34,-9.45,161.03,-238.41
43411,36,right,1,Index,Metacarpal,-16.12,204.98,-163.45,-43.16,201.01,-223.27
43411,36,right,1,Index,Proximal,-43.16,201.01,-223.27,-59.02,193.69,-245.04
43411,36,right,1,Index,Intermediate,-59.02,193.69,-245.04,-68.98,189.12,-261.49
43411,36,right,1,Index,Distal,-68.98,189.12,-261.49,-76.78,185.95,-275.61
43411,36,right,2,Middle,Metacarpal,-23.34,208.72,-161.58,-54.83,210.48,-215.39
43411,36,right,2,Middle,Proximal,-54.83,210.48,-215.39,-77.45,207.81,-237.73
43411,36,right,2,Middle,Intermediate,-77.45,207.81,-237.73,-93.21,207.38,-254.51
43411,36,right,2,Middle,Distal,-93.21,207.38,-254.51,-102.51,207.85,-266.85
43411,36,right,3,Ring,Metacarpal,-29.83,217.28,-159.03,-63.16,224.41,-203.46
43411,36,right,3,Ring,Proximal,-63.16,224.41,-203.46,-86.81,223.74,-221.40
43411,36,right,3,Ring,Intermediate,-86.81,223.74,-221.40,-99.36,222.90,-231.81
43411,36,right,3,Ring,Distal,-99.36,222.90,-231.81,-107.54,223.15,-240.92
43411,36,right,4,Pinky,Metacarpal,-29.16,227.81,-155.54,-64.92,237.51,-191.80
43411,36,right,4,Pinky,Proximal,-64.92,237.51,-191.80,-82.63,239.84,-199.82
43411,36,right,4,Pinky,Intermediate,-82.63,239.84,-199.82,-95.94,242.23,-207.79
43411,36,right,4,Pinky,Distal,-95.94,242.23,-207.79,-104.80,244.93,-214.34
43412,36,right,0,Thumb,Metacarpal,-3.62,211.80,-167.36,-3.62,211.80,-167.36
43412,36,right,0,Thumb,Proximal,-3.62,211.80,-167.36,-3.93,183.76,-203.36
43412,36,right,0,Thumb,Intermediate,-3.93,183.76,-203.36,-6.23,169.49,-223.36
43412,36,right,0,Thumb,Distal,-6.23,169.49,-223.36,-9.42,161.19,-237.52
43412,36,right,1,Index,Metacarpal,-15.09,205.38,-162.33,-42.49,201.16,-222.03
43412,36,right,1,Index,Proximal,-42.49,201.16,-222.03,-58.71,193.92,-243.79
43412,36,right,1,Index,Intermediate,-58.71,193.92,-243.79,-68.64,189.41,-260.21
43412,36,right,1,Index,Distal,-68.64,189.41,-260.21,-76.31,186.31,-274.29
43412,36,right,2,Middle,Metacarpal,-22.23,209.21,-160.46,-54.03,210.77,-214.15
43412,36,right,2,Middle,Proximal,-54.03,210.77,-214.15,-76.49,207.88,-236.63
43412,36,right,2,Middle,Intermediate,-76.49,207.88,-236.63,-92.04,207.23,-253.47
43412,36,right,2,Middle,Distal,-92.04,207.23,-253.47,-101.10,207.56,-265.76
43412,36,right,3,Ring,Metacarpal,-28.57,217.77,-157.94,-62.14,224.78,-202.27
43412,36,right,3,Ring,Proximal,-62.14,224.78,-202.27,-85.82,223.87,-220.33
43412,36,right,3,Ring,Intermediate,-85.82,223.87,-220.33,-98.37,222.86,-230.92
43412,36,right,3,Ring,Distal,-98.37,222.86,-230.92,-106.53,222.90,-240.20
43412,36,right,4,Pinky,Metacarpal,-27.81,228.28,-154.49,-63.74,237.93,-190.65
43412,36,right,4,Pinky,Proximal,-63.74,237.93,-190.65,-81.55,240.21,-198.64
43412,36,right,4,Pinky,Intermediate,-81.55,240.21,-198.64,-94.92,242.46,-206.58
43412,36,right,4,Pinky,Distal,-94.92,242.46,-206.58,-103.87,244.89,-213.08
43413,36,right,0,Thumb,Metacarpal,-2.71,211.82,-166.60,-2.71,211.82,-166.60
43413,36,right,0,Thumb,Proximal,-2.71,211.82,-166.60,-3.34,183.46,-202.48
43413,36,right,0,Thumb,Intermediate,-3.34,183.46,-202.48,-5.82,169.14,-222.43
43413,36,right,0,Thumb,Distal,-5.82,169.14,-222.43,-9.09,160.88,-236.59
43413,36,right,1,Index,Metacarpal,-14.19,205.37,-161.51,-41.79,200.98,-221.01
43413,36,right,1,Index,Proximal,-41.79,200.98,-221.01,-58.02,193.90,-242.80
43413,36,right,1,Index,Intermediate,-58.02,193.90,-242.80,-67.85,189.52,-259.22
43413,36,right,1,Index,Distal,-67.85,189.52,-259.22,-75.43,186.66,-273.29
43413,36,right,2,Middle,Metacarpal,-21.30,209.28,-159.60,-53.24,210.72,-213.12
43413,36,right,2,Middle,Proximal,-53.24,210.72,-213.12,-75.57,207.69,-235.76
43413,36,right,2,Middle,Intermediate,-75.57,207.69,-235.76,-90.85,206.92,-252.67
43413,36,right,2,Middle,Distal,-90.85,206.92,-252.67,-99.76,207.09,-264.98
43413,36,right,3,Ring,Metacarpal,-27.57,217.88,-157.07,-61.21,224.82,-201.25
43413,36,right,3,Ring,Proximal,-61.21,224.82,-201.25,-84.94,223.58,-219.36
43413,36,right,3,Ring,Intermediate,-84.94,223.58,-219.36,-97.52,222.24,-229.99
43413,36,right,3,Ring,Distal,-97.52,222.24,-229.99,-105.70,221.96,-239.32
43413,36,right,4,Pinky,Metacarpal,-26.71,228.44,-153.65,-62.68,238.05,-189.68
43413,36,right,4,Pinky,Proximal,-62.68,238.05,-189.68,-80.59,240.24,-197.57
43413,36,right,4,Pinky,Intermediate,-80.59,240.24,-197.57,-94.07,242.38,-205.41
43413,36,right,4,Pinky,Distal,-94.07,242.38,-205.41,-103.15,244.67,-211.85
43414,36,right,0,Thumb,Metacarpal,-2.44,211.95,-166.13,-2.44,211.95,-166.13
43414,36,right,0,Thumb,Proximal,-2.44,211.95,-166.13,-3.19,183.47,-201.79
43414,36,right,0,Thumb,Intermediate,-3.19,183.47,-201.79,-5.67,169.12,-221.63
43414,36,right,0,Thumb,Distal,-5.67,169.12,-221.63,-8.95,160.86,-235.68
43414,36,right,1,Index,Metacarpal,-13.87,205.48,-160.97,-41.67,200.88,-220.22
43414,36,right,1,Index,Proximal,-41.67,200.88,-220.22,-57.80,193.94,-242.12
43414,36,right,1,Index,Intermediate,-57.80,193.94,-242.12,-67.47,189.82,-258.67
43414,36,right,1,Index,Distal,-67.47,189.82,-258.67,-74.83,187.24,-272.83
43414,36,right,2,Middle,Metacarpal,-21.01,209.39,-159.00,-53.12,210.63,-212.28
43414,36,right,2,Middle,Proximal,-53.12,210.63,-212.28,-75.36,207.43,-235.02
43414,36,right,2,Middle,Intermediate,-75.36,207.43,-235.02,-90.59,206.59,-251.96
43414,36,right,2,Middle,Distal,-90.59,206.59,-251.96,-99.49,206.62,-264.30
43414,36,right,3,Ring,Metacarpal,-27.26,218.05,-156.43,-61.04,224.80,-200.40
43414,36,right,3,Ring,Proximal,-61.04,224.80,-200.40,-84.76,223.36,-218.54
43414,36,right,3,Ring,Intermediate,-84.76,223.36,-218.54,-97.34,221.97,-229.19
43414,36,right,3,Ring,Distal,-97.34,221.97,-229.19,-105.50,221.64,-238.52
43414,36,right,4,Pinky,Metacarpal,-26.43,228.63,-153.04,-62.49,238.09,-188.87
43414,36,right,4,Pinky,Proximal,-62.49,238.09,-188.87,-80.41,240.25,-196.67
43414,36,right,4,Pinky,Intermediate,-80.41,240.25,-196.67,-93.88,242.38,-204.47
43414,36,right,4,Pinky,Distal,-93.88,242.38,-204.47,-102.94,244.67,-210.85
43415,36,right,0,Thumb,Metacarpal,-2.24,211.69,-165.55,-2.24,211.69,-165.55
43415,36,right,0,Thumb,Proximal,-2.24,211.69,-165.55,-3.05,183.08,-201.11
43415,36,right,0,Thumb,Intermediate,-3.05,183.08,-201.11,-5.51,168.70,-220.85
43415,36,right,0,Thumb,Distal,-5.51,168.70,-220.85,-8.71,160.44,-234.82
43415,36,right,1,Index,Metacarpal,-13.64,205.17,-160.36,-41.60,200.38,-219.45
43415,36,right,1,Index,Proximal,-41.60,200.38,-219.45,-57.71,193.48,-241.42
43415,36,right,1,Index,Intermediate,-57.71,193.48,-241.42,-67.35,189.44,-257.98
43415,36,right,1,Index,Distal,-67.35,189.44,-257.98,-74.70,186.89,-272.13
43415,36,right,2,Middle,Metacarpal,-20.79,209.07,-158.37,-53.05,210.11,-211.49
43415,36,right,2,Middle,Proximal,-53.05,210.11,-211.49,-75.22,206.62,-234.28
43415,36,right,2,Middle,Intermediate,-75.22,206.62,-234.28,-90.48,205.57,-251.24
43415,36,right,2,Middle,Distal,-90.48,205.57,-251.24,-99.44,205.44,-263.59
43415,36,right,3,Ring,Metacarpal,-27.04,217.75,-155.79,-60.95,224.31,-199.62
43415,36,right,3,Ring,Proximal,-60.95,224.31,-199.62,-84.71,222.69,-217.62
43415,36,right,3,Ring,Intermediate,-84.71,222.69,-217.62,-97.30,221.18,-228.19
43415,36,right,3,Ring,Distal,-97.30,221.18,-228.19,-105.48,220.71,-237.46
43415,36,right,4,Pinky,Metacarpal,-26.24,228.38,-152.42,-62.41,237.65,-188.12
43415,36,right,4,Pinky,Proximal,-62.41,237.65,-188.12,-80.30,239.76,-195.82
43415,36,right,4,Pinky,Intermediate,-80.30,239.76,-195.82,-93.77,241.85,-203.57
43415,36,right,4,Pinky,Distal,-93.77,241.85,-203.57,-102.82,244.08,-209.93
43416,36,right,0,Thumb,Metacarpal,-2.35,211.56,-165.02,-2.35,211.56,-165.02
43416,36,right,0,Thumb,Proximal,-2.35,211.56,-165.02,-3.34,182.76,-200.50
43416,36,right,0,Thumb,Intermediate,-3.34,182.76,-200.50,-5.84,168.32,-220.16
43416,36,right,0,Thumb,Distal,-5.84,168.32,-220.16,-9.03,160.03,-234.10
43416,36,right,1,Index,Metacarpal,-13.76,205.06,-159.82,-41.91,199.75,-218.72
43416,36,right,1,Index,Proximal,-41.91,199.75,-218.72,-57.95,192.88,-240.76
43416,36,right,1,Index,Intermediate,-57.95,192.88,-240.76,-67.50,188.95,-257.35
43416,36,right,1,Index,Distal,-67.50,188.95,-257.35,-74.68,186.43,-271.50
43416,36,right,2,Middle,Metacarpal,-20.92,208.96,-157.83,-53.36,209.53,-210.80
43416,36,right,2,Middle,Proximal,-53.36,209.53,-210.80,-75.45,205.81,-233.65
43416,36,right,2,Middle,Intermediate,-75.45,205.81,-233.65,-90.61,204.60,-250.60
43416,36,right,2,Middle,Distal,-90.61,204.60,-250.60,-99.48,204.36,-262.94
43416,36,right,3,Ring,Metacarpal,-27.16,217.67,-155.26,-61.21,223.84,-199.00
43416,36,right,3,Ring,Proximal,-61.21,223.84,-199.00,-84.97,221.82,-216.99
43416,36,right,3,Ring,Intermediate,-84.97,221.82,-216.99,-97.53,220.03,-227.54
43416,36,right,3,Ring,Distal,-97.53,220.03,-227.54,-105.69,219.35,-236.79
43416,36,right,4,Pinky,Metacarpal,-26.35,228.35,-151.91,-62.64,237.28,-187.53
43416,36,right,4,Pinky,Proximal,-62.64,237.28,-187.53,-80.55,239.15,-195.23
43416,36,right,4,Pinky,Intermediate,-80.55,239.15,-195.23,-94.02,240.94,-202.99
43416,36,right,4,Pinky,Distal,-94.02,240.94,-202.99,-103.07,242.93,-209.34
43417,36,right,0,Thumb,Metacarpal,-2.58,210.86,-164.66,-2.58,210.86,-164.66
43417,36,right,0,Thumb,Proximal,-2.58,210.86,-164.66,-3.72,181.97,-200.07
43417,36,right,0,Thumb,Intermediate,-3.72,181.97,-200.07,-6.23,167.50,-219.67
43417,36,right,0,Thumb,Distal,-6.23,167.50,-219.67,-9.34,159.21,-233.57
43417,36,right,1,Index,Metacarpal,-14.00,204.36,-159.43,-42.31,198.64,-218.17
43417,36,right,1,Index,Proximal,-42.31,198.64,-218.17,-58.41,191.49,-240.13
43417,36,right,1,Index,Intermediate,-58.41,191.49,-240.13,-67.94,187.37,-256.61
43417,36,right,1,Index,Distal,-67.94,187.37,-256.61,-75.10,184.70,-270.70
43417,36,right,2,Middle,Metacarpal,-21.17,208.33,-157.45,-53.73,208.52,-210.29
43417,36,right,2,Middle,Proximal,-53.73,208.52,-210.29,-75.84,204.36,-233.05
43417,36,right,2,Middle,Intermediate,-75.84,204.36,-233.05,-90.99,202.76,-249.92
43417,36,right,2,Middle,Distal,-90.99,202.76,-249.92,-99.89,202.30,-262.25
43417,36,right,3,Ring,Metacarpal,-27.39,217.09,-154.90,-61.53,222.95,-198.55
43417,36,right,3,Ring,Proximal,-61.53,222.95,-198.55,-85.31,220.58,-216.50
43417,36,right,3,Ring,Intermediate,-85.31,220.58,-216.50,-97.88,218.46,-227.04
43417,36,right,3,Ring,Distal,-97.88,218.46,-227.04,-106.05,217.46,-236.30
43417,36,right,4,Pinky,Metacarpal,-26.57,227.78,-151.60,-62.92,236.48,-187.16
43417,36,right,4,Pinky,Proximal,-62.92,236.48,-187.16,-80.86,238.32,-194.83
43417,36,right,4,Pinky,Intermediate,-80.86,238.32,-194.83,-94.35,240.11,-202.58
43417,36,right,4,Pinky,Distal,-94.35,240.11,-202.58,-103.40,242.07,-208.93
43418,36,right,0,Thumb,Metacarpal,-2.82,210.00,-164.35,-2.82,210.00,-164.35
43418,36,right,0,Thumb,Proximal,-2.82,210.00,-164.35,-4.14,181.02,-199.72
43418,36,right,0,Thumb,Intermediate,-4.14,181.02,-199.72,-6.72,166.48,-219.31
43418,36,right,0,Thumb,Distal,-6.72,166.48,-219.31,-9.78,158.16,-233.22
43418,36,right,1,Index,Metacarpal,-14.28,203.54,-159.10,-42.68,197.55,-217.78
43418,36,right,1,Index,Proximal,-42.68,197.55,-217.78,-58.96,190.23,-239.62
43418,36,right,1,Index,Intermediate,-58.96,190.23,-239.62,-68.59,185.90,-256.00
43418,36,right,1,Index,Distal,-68.59,185.90,-256.00,-75.84,183.08,-270.04
43418,36,right,2,Middle,Metacarpal,-21.43,207.51,-157.14,-54.08,207.47,-209.95
43418,36,right,2,Middle,Proximal,-54.08,207.47,-209.95,-76.20,203.28,-232.68
43418,36,right,2,Middle,Intermediate,-76.20,203.28,-232.68,-91.32,201.61,-249.50
43418,36,right,2,Middle,Distal,-91.32,201.61,-249.50,-100.23,201.10,-261.78
43418,36,right,3,Ring,Metacarpal,-27.62,216.28,-154.62,-61.83,221.96,-198.26
43418,36,right,3,Ring,Proximal,-61.83,221.96,-198.26,-85.63,219.38,-216.14
43418,36,right,3,Ring,Intermediate,-85.63,219.38,-216.14,-98.24,217.09,-226.64
43418,36,right,3,Ring,Distal,-98.24,217.09,-226.64,-106.46,215.94,-235.88
43418,36,right,4,Pinky,Metacarpal,-26.78,226.98,-151.40,-63.18,235.54,-186.95
43418,36,right,4,Pinky,Proximal,-63.18,235.54,-186.95,-81.15,237.33,-194.63
43418,36,right,4,Pinky,Intermediate,-81.15,237.33,-194.63,-94.66,239.02,-202.38
43418,36,right,4,Pinky,Distal,-94.66,239.02,-202.38,-103.74,240.85,-208.73
43419,36,right,0,Thumb,Metacarpal,-3.11,208.87,-164.12,-3.11,208.87,-164.12
43419,36,right,0,Thumb,Proximal,-3.11,208.87,-164.12,-4.51,179.84,-199.44
43419,36,right,0,Thumb,Intermediate,-4.51,179.84,-199.44,-7.12,165.32,-219.04
43419,36,right,0,Thumb,Distal,-7.12,165.32,-219.04,-10.15,157.00,-232.93
43419,36,right,1,Index,Metacarpal,-14.57,202.39,-158.85,-43.04,196.25,-217.48
43419,36,right,1,Index,Proximal,-43.04,196.25,-217.48,-59.47,188.66,-239.07
43419,36,right,1,Index,Intermediate,-59.47,188.66,-239.07,-69.22,183.98,-255.23
43419,36,right,1,Index,Distal,-69.22,183.98,-255.23,-76.53,180.88,-269.13
43419,36,right,2,Middle,Metacarpal,-21.73,206.37,-156.89,-54.43,206.19,-209.65
43419,36,right,2,Middle,Proximal,-54.43,206.19,-209.65,-76.59,201.81,-232.26
43419,36,right,2,Middle,Intermediate,-76.59,201.81,-232.26,-91.73,199.94,-249.01
43419,36,right,2,Middle,Distal,-91.73,199.94,-249.01,-100.69,199.32,-261.24
43419,36,right,3,Ring,Metacarpal,-27.91,215.14,-154.39,-62.16,220.70,-198.00
43419,36,right,3,Ring,Proximal,-62.16,220.70,-198.00,-85.99,217.81,-215.81
43419,36,right,3,Ring,Intermediate,-85.99,217.81,-215.81,-98.64,215.28,-226.32
43419,36,right,3,Ring,Distal,-98.64,215.28,-226.32,-106.92,213.92,-235.58
43419,36,right,4,Pinky,Metacarpal,-27.05,225.85,-151.19,-63.49,234.31,-186.72
43419,36,right,4,Pinky,Proximal,-63.49,234.31,-186.72,-81.47,236.02,-194.39
43419,36,right,4,Pinky,Intermediate,-81.47,236.02,-194.39,-95.02,237.62,-202.14
43419,36,right,4,Pinky,Distal,-95.02,237.62,-202.14,-104.14,239.37,-208.48
43420,36,right,0,Thumb,Metacarpal,-3.47,207.93,-163.75,-3.47,207.93,-163.75
43420,36,right,0,Thumb,Proximal,-3.47,207.93,-163.75,-4.90,178.76,-198.98
43420,36,right,0,Thumb,Intermediate,-4.90,178.76,-198.98,-7.49,164.20,-218.52
43420,36,right,0,Thumb,Distal,-7.49,164.20,-218.52,-10.49,155.87,-232.36
43420,36,right,1,Index,Metacarpal,-14.94,201.43,-158.47,-43.48,195.00,-216.99
43420,36,right,1,Index,Proximal,-43.48,195.00,-216.99,-59.90,187.28,-238.54
43420,36,right,1,Index,Intermediate,-59.90,187.28,-238.54,-69.59,182.56,-254.71
43420,36,right,1,Index,Distal,-69.59,182.56,-254.71,-76.85,179.45,-268.62
43420,36,right,2,Middle,Metacarpal,-22.09,205.38,-156.50,-54.88,204.92,-209.18
43420,36,right,2,Middle,Proximal,-54.88,204.92,-209.18,-77.08,200.29,-231.69
43420,36,right,2,Middle,Intermediate,-77.08,200.29,-231.69,-92.20,198.26,-248.41
43420,36,right,2,Middle,Distal,-92.20,198.26,-248.41,-101.18,197.51,-260.63
43420,36,right,3,Ring,Metacarpal,-28.30,214.14,-154.01,-62.64,219.43,-197.55
43420,36,right,3,Ring,Proximal,-62.64,219.43,-197.55,-86.54,216.31,-215.28
43420,36,right,3,Ring,Intermediate,-86.54,216.31,-215.28,-99.23,213.68,-225.78
43420,36,right,3,Ring,Distal,-99.23,213.68,-225.78,-107.57,212.25,-235.06
43420,36,right,4,Pinky,Metacarpal,-27.45,224.87,-150.84,-63.97,233.08,-186.32
43420,36,right,4,Pinky,Proximal,-63.97,233.08,-186.32,-82.00,234.71,-194.04
43420,36,right,4,Pinky,Intermediate,-82.00,234.71,-194.04,-95.55,236.30,-201.82
43420,36,right,4,Pinky,Distal,-95.55,236.30,-201.82,-104.66,238.07,-208.19
43421,36,right,0,Thumb,Metacarpal,-3.98,206.91,-163.56,-3.98,206.91,-163.56
43421,36,right,0,Thumb,Proximal,-3.98,206.91,-163.56,-5.44,177.79,-198.77
43421,36,right,0,Thumb,Intermediate,-5.44,177.79,-198.77,-8.03,163.27,-218.33
43421,36,right,0,Thumb,Distal,-8.03,163.27,-218.33,-11.02,154.97,-232.19
43421,36,right,1,Index,Metacarpal,-15.45,200.42,-158.27,-44.04,193.89,-216.74
43421,36,right,1,Index,Proximal,-44.04,193.89,-216.74,-60.42,186.13,-238.29
43421,36,right,1,Index,Intermediate,-60.42,186.13,-238.29,-70.04,181.37,-254.46
43421,36,right,1,Index,Distal,-70.04,181.37,-254.46,-77.21,178.23,-268.35
43421,36,right,2,Middle,Metacarpal,-22.62,204.36,-156.30,-55.45,203.80,-208.93
43421,36,right,2,Middle,Proximal,-55.45,203.80,-208.93,-77.65,198.91,-231.32
43421,36,right,2,Middle,Intermediate,-77.65,198.91,-231.32,-92.79,196.59,-247.99
43421,36,right,2,Middle,Distal,-92.79,196.59,-247.99,-101.82,195.62,-260.23
43421,36,right,3,Ring,Metacarpal,-28.83,213.11,-153.82,-63.22,218.32,-197.32
43421,36,right,3,Ring,Proximal,-63.22,218.32,-197.32,-87.16,214.99,-214.88
43421,36,right,3,Ring,Intermediate,-87.16,214.99,-214.88,-99.89,212.18,-225.31
43421,36,right,3,Ring,Distal,-99.89,212.18,-225.31,-108.29,210.56,-234.60
43421,36,right,4,Pinky,Metacarpal,-27.98,223.84,-150.66,-64.54,231.97,-186.10
43421,36,right,4,Pinky,Proximal,-64.54,231.97,-186.10,-82.62,233.53,-193.83
43421,36,right,4,Pinky,Intermediate,-82.62,233.53,-193.83,-96.21,235.05,-201.63
43421,36,right,4,Pinky,Distal,-96.21,235.05,-201.63,-105.35,236.75,-208.01
43422,36,right,0,Thumb,Metacarpal,-4.55,206.10,-163.83,-4.55,206.10,-163.83
43422,36,right,0,Thumb,Proximal,-4.55,206.10,-163.83,-5.99,176.98,-199.01
43422,36,right,0,Thumb,Intermediate,-5.99,176.98,-199.01,-8.45,162.42,-218.56
43422,36,right,0,Thumb,Distal,-8.45,162.42,-218.56,-11.24,154.06,-232.43
43422,36,right,1,Index,Metacarpal,-16.03,199.63,-158.52,-44.74,193.02,-216.92
43422,36,right,1,Index,Proximal,-44.74,193.02,-216.92,-61.11,185.27,-238.50
43422,36,right,1,Index,Intermediate,-61.11,185.27,-238.50,-70.68,180.57,-254.67
43422,36,right,1,Index,Distal,-70.68,180.57,-254.67,-77.83,177.50,-268.55
43422,36,right,2,Middle,Metacarpal,-23.17,203.56,-156.55,-56.12,202.92,-209.11
43422,36,right,2,Middle,Proximal,-56.12,202.92,-209.11,-78.23,197.57,-231.44
43422,36,right,2,Middle,Intermediate,-78.23,197.57,-231.44,-93.39,194.97,-248.18
43422,36,right,2,Middle,Distal,-93.39,194.97,-248.18,-102.48,193.87,-260.47
43422,36,right,3,Ring,Metacarpal,-29.40,212.31,-154.08,-63.88,217.46,-197.52
43422,36,right,3,Ring,Proximal,-63.88,217.46,-197.52,-87.80,213.90,-214.68
43422,36,right,3,Ring,Intermediate,-87.80,213.90,-214.68,-100.58,210.79,-224.88
43422,36,right,3,Ring,Distal,-100.58,210.79,-224.88,-109.09,208.86,-234.06
43422,36,right,4,Pinky,Metacarpal,-28.54,223.04,-150.96,-65.18,231.12,-186.33
43422,36,right,4,Pinky,Proximal,-65.18,231.12,-186.33,-83.26,232.67,-194.06
43422,36,right,4,Pinky,Intermediate,-83.26,232.67,-194.06,-96.84,234.20,-201.87
43422,36,right,4,Pinky,Distal,-96.84,234.20,-201.87,-105.99,235.88,-208.26
43423,36,right,0,Thumb,Metacarpal,-4.80,205.15,-164.03,-4.80,205.15,-164.03
43423,36,right,0,Thumb,Proximal,-4.80,205.15,-164.03,-6.20,176.12,-199.23
43423,36,right,0,Thumb,Intermediate,-6.20,176.12,-199.23,-8.59,161.53,-218.79
43423,36,right,0,Thumb,Distal,-8.59,161.53,-218.79,-11.26,153.14,-232.69
43423,36,right,1,Index,Metacarpal,-16.31,198.72,-158.71,-45.21,192.12,-217.10
43423,36,right,1,Index,Proximal,-45.21,192.12,-217.10,-61.99,184.37,-238.57
43423,36,right,1,Index,Intermediate,-61.99,184.37,-238.57,-71.95,179.65,-254.67
43423,36,right,1,Index,Distal,-71.95,179.65,-254.67,-79.44,176.58,-268.52
43423,36,right,2,Middle,Metacarpal,-23.38,202.63,-156.74,-56.49,202.02,-209.27
43423,36,right,2,Middle,Proximal,-56.49,202.02,-209.27,-78.48,196.71,-231.62
43423,36,right,2,Middle,Intermediate,-78.48,196.71,-231.62,-93.66,194.23,-248.38
43423,36,right,2,Middle,Distal,-93.66,194.23,-248.38,-102.78,193.22,-260.72
43423,36,right,3,Ring,Metacarpal,-29.55,211.37,-154.27,-64.17,216.55,-197.67
43423,36,right,3,Ring,Proximal,-64.17,216.55,-197.67,-88.04,213.04,-214.81
43423,36,right,3,Ring,Intermediate,-88.04,213.04,-214.81,-100.83,209.98,-225.03
43423,36,right,3,Ring,Distal,-100.83,209.98,-225.03,-109.33,208.08,-234.23
43423,36,right,4,Pinky,Metacarpal,-28.68,222.08,-151.15,-65.42,230.20,-186.47
43423,36,right,4,Pinky,Proximal,-65.42,230.20,-186.47,-83.46,231.76,-194.24
43423,36,right,4,Pinky,Intermediate,-83.46,231.76,-194.24,-97.01,233.32,-202.09
43423,36,right,4,Pinky,Distal,-97.01,233.32,-202.09,-106.10,235.03,-208.52
43424,36,right,0,Thumb,Metacarpal,-4.84,204.51,-164.18,-4.84,204.51,-164.18
43424,36,right,0,Thumb,Proximal,-4.84,204.51,-164.18,-6.26,175.42,-199.34
43424,36,right,0,Thumb,Intermediate,-6.26,175.42,-199.34,-8.66,160.72,-218.88
43424,36,right,0,Thumb,Distal,-8.66,160.72,-218.88,-11.33,152.18,-232.79
43424,36,right,1,Index,Metacarpal,-16.40,198.13,-158.87,-45.37,191.51,-217.22
43424,36,right,1,Index,Proximal,-45.37,191.51,-217.22,-62.35,183.74,-238.55
43424,36,right,1,Index,Intermediate,-62.35,183.74,-238.55,-72.45,178.95,-254.55
43424,36,right,1,Index,Distal,-72.45,178.95,-254.55,-80.05,175.83,-268.31
43424,36,right,2,Middle,Metacarpal,-23.42,202.06,-156.90,-56.58,201.46,-209.40
43424,36,right,2,Middle,Proximal,-56.58,201.46,-209.40,-78.55,196.28,-231.66
43424,36,right,2,Middle,Intermediate,-78.55,196.28,-231.66,-93.76,194.01,-248.41
43424,36,right,2,Middle,Distal,-93.76,194.01,-248.41,-102.93,193.20,-260.79
43424,36,right,3,Ring,Metacarpal,-29.55,210.81,-154.43,-64.18,216.02,-197.81
43424,36,right,3,Ring,Proximal,-64.18,216.02,-197.81,-88.07,212.47,-214.90
43424,36,right,3,Ring,Intermediate,-88.07,212.47,-214.90,-100.87,209.37,-225.09
43424,36,right,3,Ring,Distal,-100.87,209.37,-225.09,-109.37,207.45,-234.30
43424,36,right,4,Pinky,Metacarpal,-28.58,221.52,-151.32,-65.33,229.70,-186.62
43424,36,right,4,Pinky,Proximal,-65.33,229.70,-186.62,-83.36,231.24,-194.47
43424,36,right,4,Pinky,Intermediate,-83.36,231.24,-194.47,-96.92,232.80,-202.40
43424,36,right,4,Pinky,Distal,-96.92,232.80,-202.40,-105.99,234.52,-208.90
43425,36,right,0,Thumb,Metacarpal,-4.58,204.06,-164.14,-4.58,204.06,-164.14
43425,36,right,0,Thumb,Proximal,-4.58,204.06,-164.14,-6.00,174.74,-199.14
43425,36,right,0,Thumb,Intermediate,-6.00,174.74,-199.14,-8.43,159.93,-218.58
43425,36,right,0,Thumb,Distal,-8.43,159.93,-218.58,-11.17,151.30,-232.46
43425,36,right,1,Index,Metacarpal,-16.13,197.69,-158.79,-45.19,190.96,-217.05
43425,36,right,1,Index,Proximal,-45.19,190.96,-217.05,-62.16,183.01,-238.23
43425,36,right,1,Index,Intermediate,-62.16,183.01,-238.23,-72.24,178.00,-254.22
43425,36,right,1,Index,Distal,-72.24,178.00,-254.22,-79.83,174.69,-268.00
43425,36,right,2,Middle,Metacarpal,-23.14,201.66,-156.80,-56.36,200.98,-209.22
43425,36,right,2,Middle,Proximal,-56.36,200.98,-209.22,-78.47,195.92,-231.25
43425,36,right,2,Middle,Intermediate,-78.47,195.92,-231.25,-93.77,193.86,-247.91
43425,36,right,2,Middle,Distal,-93.77,193.86,-247.91,-103.01,193.26,-260.27
43425,36,right,3,Ring,Metacarpal,-29.25,210.43,-154.33,-63.92,215.59,-197.66
43425,36,right,3,Ring,Proximal,-63.92,215.59,-197.66,-87.82,212.07,-214.78
43425,36,right,3,Ring,Intermediate,-87.82,212.07,-214.78,-100.60,209.06,-225.00
43425,36,right,3,Ring,Distal,-100.60,209.06,-225.00,-109.05,207.35,-234.26
43425,36,right,4,Pinky,Metacarpal,-28.25,221.14,-151.25,-65.01,229.29,-186.50
43425,36,right,4,Pinky,Proximal,-65.01,229.29,-186.50,-83.04,230.85,-194.43
43425,36,right,4,Pinky,Intermediate,-83.04,230.85,-194.43,-96.50,232.48,-202.43
43425,36,right,4,Pinky,Distal,-96.50,232.48,-202.43,-105.43,234.39,-209.01
43426,36,right,0,Thumb,Metacarpal,-3.84,203.08,-163.90,-3.84,203.08,-163.90
43426,36,right,0,Thumb,Proximal,-3.84,203.08,-163.90,-5.24,173.91,-198.85
43426,36,right,0,Thumb,Intermediate,-5.24,173.91,-198.85,-7.63,159.16,-218.25
43426,36,right,0,Thumb,Distal,-7.63,159.16,-218.25,-10.26,150.58,-232.12
43426,36,right,1,Index,Metacarpal,-15.40,196.74,-158.51,-44.58,190.05,-216.67
43426,36,right,1,Index,Proximal,-44.58,190.05,-216.67,-61.66,182.03,-237.61
43426,36,right,1,Index,Intermediate,-61.66,182.03,-237.61,-71.90,176.93,-253.46
43426,36,right,1,Index,Distal,-71.90,176.93,-253.46,-79.67,173.55,-267.18
43426,36,right,2,Middle,Metacarpal,-22.35,200.72,-156.50,-55.66,200.09,-208.83
43426,36,right,2,Middle,Proximal,-55.66,200.09,-208.83,-77.76,195.06,-230.71
43426,36,right,2,Middle,Intermediate,-77.76,195.06,-230.71,-93.14,193.04,-247.38
43426,36,right,2,Middle,Distal,-93.14,193.04,-247.38,-102.45,192.51,-259.78
43426,36,right,3,Ring,Metacarpal,-28.43,209.53,-154.01,-63.15,214.75,-197.24
43426,36,right,3,Ring,Proximal,-63.15,214.75,-197.24,-86.95,211.28,-214.31
43426,36,right,3,Ring,Intermediate,-86.95,211.28,-214.31,-99.65,208.37,-224.55
43426,36,right,3,Ring,Distal,-99.65,208.37,-224.55,-108.00,206.71,-233.84
43426,36,right,4,Pinky,Metacarpal,-27.40,220.24,-150.93,-64.19,228.47,-186.10
43426,36,right,4,Pinky,Proximal,-64.19,228.47,-186.10,-82.13,230.06,-194.01
43426,36,right,4,Pinky,Intermediate,-82.13,230.06,-194.01,-95.44,231.85,-202.04
43426,36,right,4,Pinky,Distal,-95.44,231.85,-202.04,-104.22,233.90,-208.64
43427,36,right,0,Thumb,Metacarpal,-3.29,202.58,-163.47,-3.29,202.58,-163.47
43427,36,right,0,Thumb,Proximal,-3.29,202.58,-163.47,-4.68,173.51,-198.36
43427,36,right,0,Thumb,Intermediate,-4.68,173.51,-198.36,-7.06,158.80,-217.73
43427,36,right,0,Thumb,Distal,-7.06,158.80,-217.73,-9.71,150.23,-231.58
43427,36,right,1,Index,Metacarpal,-14.83,196.30,-158.07,-44.08,189.67,-216.13
43427,36,right,1,Index,Proximal,-44.08,189.67,-216.13,-61.08,181.56,-237.00
43427,36,right,1,Index,Intermediate,-61.08,181.56,-237.00,-71.26,176.40,-252.90
43427,36,right,1,Index,Distal,-71.26,176.40,-252.90,-78.97,172.98,-266.66
43427,36,right,2,Middle,Metacarpal,-21.77,200.32,-156.03,-55.11,199.76,-208.25
43427,36,right,2,Middle,Proximal,-55.11,199.76,-208.25,-77.38,194.88,-229.96
43427,36,right,2,Middle,Intermediate,-77.38,194.88,-229.96,-92.81,193.06,-246.59
43427,36,right,2,Middle,Distal,-92.81,193.06,-246.59,-102.10,192.68,-259.02
43427,36,right,3,Ring,Metacarpal,-27.82,209.17,-153.52,-62.54,214.47,-196.66
43427,36,right,3,Ring,Proximal,-62.54,214.47,-196.66,-86.31,211.25,-213.79
43427,36,right,3,Ring,Intermediate,-86.31,211.25,-213.79,-98.91,208.65,-224.09
43427,36,right,3,Ring,Distal,-98.91,208.65,-224.09,-107.13,207.28,-233.45
43427,36,right,4,Pinky,Metacarpal,-26.75,219.90,-150.43,-63.52,228.22,-185.52
43427,36,right,4,Pinky,Proximal,-63.52,228.22,-185.52,-81.42,229.87,-193.50
43427,36,right,4,Pinky,Intermediate,-81.42,229.87,-193.50,-94.61,231.85,-201.63
43427,36,right,4,Pinky,Distal,-94.61,231.85,-201.63,-103.25,234.10,-208.36
43428,36,right,0,Thumb,Metacarpal,-2.68,201.99,-162.91,-2.68,201.99,-162.91
43428,36,right,0,Thumb,Proximal,-2.68,201.99,-162.91,-4.10,172.96,-197.76
43428,36,right,0,Thumb,Intermediate,-4.10,172.96,-197.76,-6.55,158.29,-217.10
43428,36,right,0,Thumb,Distal,-6.55,158.29,-217.10,-9.34,149.74,-230.95
43428,36,right,1,Index,Metacarpal,-14.19,195.73,-157.48,-43.55,189.16,-215.40
43428,36,right,1,Index,Proximal,-43.55,189.16,-215.40,-60.46,180.99,-236.25
43428,36,right,1,Index,Intermediate,-60.46,180.99,-236.25,-70.59,175.81,-252.17
43428,36,right,1,Index,Distal,-70.59,175.81,-252.17,-78.26,172.39,-265.97
43428,36,right,2,Middle,Metacarpal,-21.10,199.78,-155.40,-54.52,199.28,-207.50
43428,36,right,2,Middle,Proximal,-54.52,199.28,-207.50,-76.96,194.41,-229.10
43428,36,right,2,Middle,Intermediate,-76.96,194.41,-229.10,-92.49,192.57,-245.73
43428,36,right,2,Middle,Distal,-92.49,192.57,-245.73,-101.83,192.18,-258.19
43428,36,right,3,Ring,Metacarpal,-27.12,208.66,-152.85,-61.89,214.03,-195.87
43428,36,right,3,Ring,Proximal,-61.89,214.03,-195.87,-85.67,210.82,-213.06
43428,36,right,3,Ring,Intermediate,-85.67,210.82,-213.06,-98.27,208.23,-223.40
43428,36,right,3,Ring,Distal,-98.27,208.23,-223.40,-106.51,206.86,-232.84
43428,36,right,4,Pinky,Metacarpal,-26.04,219.40,-149.75,-62.82,227.79,-184.73
43428,36,right,4,Pinky,Proximal,-62.82,227.79,-184.73,-80.74,229.44,-192.77
43428,36,right,4,Pinky,Intermediate,-80.74,229.44,-192.77,-93.93,231.48,-200.93
43428,36,right,4,Pinky,Distal,-93.93,231.48,-200.93,-102.55,233.79,-207.70
43429,36,right,0,Thumb,Metacarpal,-2.21,201.46,-162.12,-2.21,201.46,-162.12
43429,36,right,0,Thumb,Proximal,-2.21,201.46,-162.12,-3.68,172.50,-196.96
43429,36,right,0,Thumb,Intermediate,-3.68,172.50,-196.96,-6.19,157.90,-216.29
43429,36,right,0,Thumb,Distal,-6.19,157.90,-216.29,-9.05,149.41,-230.09
43429,36,right,1,Index,Metacarpal,-13.67,195.18,-156.68,-43.10,188.65,-214.50
43429,36,right,1,Index,Proximal,-43.10,188.65,-214.50,-60.01,180.41,-235.25
43429,36,right,1,Index,Intermediate,-60.01,180.41,-235.25,-70.18,175.18,-251.15
43429,36,right,1,Index,Distal,-70.18,175.18,-251.15,-77.92,171.71,-264.98
43429,36,right,2,Middle,Metacarpal,-20.57,199.25,-154.57,-54.05,198.80,-206.55
43429,36,right,2,Middle,Proximal,-54.05,198.80,-206.55,-76.50,193.94,-228.20
43429,36,right,2,Middle,Intermediate,-76.50,193.94,-228.20,-91.99,192.11,-244.87
43429,36,right,2,Middle,Distal,-91.99,192.11,-244.87,-101.32,191.71,-257.38
43429,36,right,3,Ring,Metacarpal,-26.59,208.16,-151.98,-61.39,213.56,-194.90
43429,36,right,3,Ring,Proximal,-61.39,213.56,-194.90,-85.18,210.35,-212.17
43429,36,right,3,Ring,Intermediate,-85.18,210.35,-212.17,-97.78,207.81,-222.65
43429,36,right,3,Ring,Distal,-97.78,207.81,-222.65,-106.02,206.47,-232.19
43429,36,right,4,Pinky,Metacarpal,-25.53,218.91,-148.87,-62.33,227.33,-183.74
43429,36,right,4,Pinky,Proximal,-62.33,227.33,-183.74,-80.24,228.96,-191.84
43429,36,right,4,Pinky,Intermediate,-80.24,228.96,-191.84,-93.43,231.01,-200.05
43429,36,right,4,Pinky,Distal,-93.43,231.01,-200.05,-102.05,233.32,-206.86
43430,36,right,0,Thumb,Metacarpal,-1.89,201.02,-161.28,-1.89,201.02,-161.28
43430,36,right,0,Thumb,Proximal,-1.89,201.02,-161.28,-3.43,172.24,-196.14
43430,36,right,0,Thumb,Intermediate,-3.43,172.24,-196.14,-5.99,157.75,-215.46
43430,36,right,0,Thumb,Distal,-5.99,157.75,-215.46,-8.91,149.34,-229.24
43430,36,right,1,Index,Metacarpal,-13.28,194.72,-155.83,-42.85,188.21,-213.49
43430,36,right,1,Index,Proximal,-42.85,188.21,-213.49,-59.80,179.93,-234.16
43430,36,right,1,Index,Intermediate,-59.80,179.93,-234.16,-70.06,174.69,-250.01
43430,36,right,1,Index,Distal,-70.06,174.69,-250.01,-77.91,171.19,-263.81
43430,36,right,2,Middle,Metacarpal,-20.19,198.81,-153.68,-53.79,198.36,-205.50
43430,36,right,2,Middle,Proximal,-53.79,198.36,-205.50,-76.24,193.49,-227.16
43430,36,right,2,Middle,Intermediate,-76.24,193.49,-227.16,-91.73,191.63,-243.87
43430,36,right,2,Middle,Distal,-91.73,191.63,-243.87,-101.07,191.18,-256.40
43430,36,right,3,Ring,Metacarpal,-26.22,207.74,-151.04,-61.11,213.13,-193.81
43430,36,right,3,Ring,Proximal,-61.11,213.13,-193.81,-84.93,209.84,-211.06
43430,36,right,3,Ring,Intermediate,-84.93,209.84,-211.06,-97.56,207.26,-221.55
43430,36,right,3,Ring,Distal,-97.56,207.26,-221.55,-105.84,205.87,-231.09
43430,36,right,4,Pinky,Metacarpal,-25.20,218.50,-147.90,-62.06,226.89,-182.62
43430,36,right,4,Pinky,Proximal,-62.06,226.89,-182.62,-79.98,228.50,-190.67
43430,36,right,4,Pinky,Intermediate,-79.98,228.50,-190.67,-93.19,230.49,-198.88
43430,36,right,4,Pinky,Distal,-93.19,230.49,-198.88,-101.83,232.73,-205.68
43431,36,right,0,Thumb,Metacarpal,-1.65,200.54,-160.28,-1.65,200.54,-160.28
43431,36,right,0,Thumb,Proximal,-1.65,200.54,-160.28,-3.25,171.88,-195.13
43431,36,right,0,Thumb,Intermediate,-3.25,171.88,-195.13,-5.89,157.44,-214.45
43431,36,right,0,Thumb,Distal,-5.89,157.44,-214.45,-8.86,149.05,-228.22
43431,36,right,1,Index,Metacarpal,-12.97,194.20,-154.80,-42.71,187.59,-212.32
43431,36,right,1,Index,Proximal,-42.71,187.59,-212.32,-59.83,179.20,-232.88
43431,36,right,1,Index,Intermediate,-59.83,179.20,-232.88,-70.26,173.88,-248.64
43431,36,right,1,Index,Distal,-70.26,173.88,-248.64,-78.28,170.31,-262.40
43431,36,right,2,Middle,Metacarpal,-19.90,198.29,-152.62,-53.65,197.73,-204.30
43431,36,right,2,Middle,Proximal,-53.65,197.73,-204.30,-76.13,192.86,-225.95
43431,36,right,2,Middle,Intermediate,-76.13,192.86,-225.95,-91.63,191.02,-242.64
43431,36,right,2,Middle,Distal,-91.63,191.02,-242.64,-100.99,190.57,-255.14
43431,36,right,3,Ring,Metacarpal,-25.96,207.22,-149.96,-60.98,212.50,-192.58
43431,36,right,3,Ring,Proximal,-60.98,212.50,-192.58,-84.83,209.05,-209.81
43431,36,right,3,Ring,Intermediate,-84.83,209.05,-209.81,-97.47,206.42,-220.28
43431,36,right,3,Ring,Distal,-97.47,206.42,-220.28,-105.76,204.99,-229.81
43431,36,right,4,Pinky,Metacarpal,-24.98,218.00,-146.81,-61.96,226.28,-181.39
43431,36,right,4,Pinky,Proximal,-61.96,226.28,-181.39,-79.90,227.84,-189.40
43431,36,right,4,Pinky,Intermediate,-79.90,227.84,-189.40,-93.09,229.81,-197.59
43431,36,right,4,Pinky,Distal,-93.09,229.81,-197.59,-101.73,232.03,-204.38
43432,36,right,0,Thumb,Metacarpal,-1.40,200.33,-159.29,-1.40,200.33,-159.29
43432,36,right,0,Thumb,Proximal,-1.40,200.33,-159.29,-3.04,171.54,-194.04
43432,36,right,0,Thumb,Intermediate,-3.04,171.54,-194.04,-5.71,157.06,-213.33
43432,36,right,0,Thumb,Distal,-5.71,157.06,-213.33,-8.74,148.65,-227.09
43432,36,right,1,Index,Metacarpal,-12.68,193.97,-153.78,-42.57,187.02,-211.14
43432,36,right,1,Index,Proximal,-42.57,187.02,-211.14,-59.83,178.55,-231.64
43432,36,right,1,Index,Intermediate,-59.83,178.55,-231.64,-70.35,173.20,-247.33
43432,36,right,1,Index,Distal,-70.35,173.20,-247.33,-78.43,169.61,-261.04
43432,36,right,2,Middle,Metacarpal,-19.61,198.03,-151.57,-53.51,197.15,-203.10
43432,36,right,2,Middle,Proximal,-53.51,197.15,-203.10,-76.04,192.26,-224.73
43432,36,right,2,Middle,Intermediate,-76.04,192.26,-224.73,-91.55,190.43,-241.38
43432,36,right,2,Middle,Distal,-91.55,190.43,-241.38,-100.94,189.97,-253.84
43432,36,right,3,Ring,Metacarpal,-25.69,206.98,-148.90,-60.86,211.97,-191.40
43432,36,right,3,Ring,Proximal,-60.86,211.97,-191.40,-84.81,208.20,-208.58
43432,36,right,3,Ring,Intermediate,-84.81,208.20,-208.58,-97.50,205.39,-218.97
43432,36,right,3,Ring,Distal,-97.50,205.39,-218.97,-105.85,203.84,-228.46
43432,36,right,4,Pinky,Metacarpal,-24.73,217.78,-145.77,-61.83,225.81,-180.25
43432,36,right,4,Pinky,Proximal,-61.83,225.81,-180.25,-79.85,227.33,-188.20
43432,36,right,4,Pinky,Intermediate,-79.85,227.33,-188.20,-93.10,229.29,-196.30
43432,36,right,4,Pinky,Distal,-93.10,229.29,-196.30,-101.77,231.50,-203.04
43433,36,right,0,Thumb,Metacarpal,-1.02,200.10,-157.96,-1.02,200.10,-157.96
43433,36,right,0,Thumb,Proximal,-1.02,200.10,-157.96,-2.74,170.98,-192.52
43433,36,right,0,Thumb,Intermediate,-2.74,170.98,-192.52,-5.48,156.41,-211.67
43433,36,right,0,Thumb,Distal,-5.48,156.41,-211.67,-8.64,147.97,-225.32
43433,36,right,1,Index,Metacarpal,-12.26,193.72,-152.40,-42.33,186.07,-209.52
43433,36,right,1,Index,Proximal,-42.33,186.07,-209.52,-59.53,177.56,-230.04
43433,36,right,1,Index,Intermediate,-59.53,177.56,-230.04,-70.00,172.22,-245.80
43433,36,right,1,Index,Distal,-70.00,172.22,-245.80,-78.02,168.65,-259.53
43433,36,right,2,Middle,Metacarpal,-19.19,197.78,-150.17,-53.27,196.24,-201.51
43433,36,right,2,Middle,Proximal,-53.27,196.24,-201.51,-75.91,191.20,-223.02
43433,36,right,2,Middle,Intermediate,-75.91,191.20,-223.02,-91.41,189.29,-239.58
43433,36,right,2,Middle,Distal,-91.41,189.29,-239.58,-100.76,188.77,-252.00
43433,36,right,3,Ring,Metacarpal,-25.28,206.76,-147.51,-60.61,211.18,-189.88
43433,36,right,3,Ring,Proximal,-60.61,211.18,-189.88,-84.68,207.10,-207.04
43433,36,right,3,Ring,Intermediate,-84.68,207.10,-207.04,-97.37,204.13,-217.38
43433,36,right,3,Ring,Distal,-97.37,204.13,-217.38,-105.70,202.51,-226.83
43433,36,right,4,Pinky,Metacarpal,-24.33,217.64,-144.42,-61.57,225.16,-178.79
43433,36,right,4,Pinky,Proximal,-61.57,225.16,-178.79,-79.72,226.53,-186.77
43433,36,right,4,Pinky,Intermediate,-79.72,226.53,-186.77,-93.00,228.39,-194.86
43433,36,right,4,Pinky,Distal,-93.00,228.39,-194.86,-101.65,230.58,-201.59
43434,36,right,0,Thumb,Metacarpal,-0.58,199.49,-157.02,-0.58,199.49,-157.02
43434,36,right,0,Thumb,Proximal,-0.58,199.49,-157.02,-2.32,170.45,-191.55
43434,36,right,0,Thumb,Intermediate,-2.32,170.45,-191.55,-5.06,155.88,-210.68
43434,36,right,0,Thumb,Distal,-5.06,155.88,-210.68,-8.18,147.46,-224.33
43434,36,right,1,Index,Metacarpal,-11.81,193.10,-151.41,-42.04,185.27,-208.44
43434,36,right,1,Index,Proximal,-42.04,185.27,-208.44,-59.25,176.81,-229.00
43434,36,right,1,Index,Intermediate,-59.25,176.81,-229.00,-69.71,171.52,-244.74
43434,36,right,1,Index,Distal,-69.71,171.52,-244.74,-77.70,168.02,-258.44
43434,36,right,2,Middle,Metacarpal,-18.74,197.13,-149.18,-52.98,195.42,-200.44
43434,36,right,2,Middle,Proximal,-52.98,195.42,-200.44,-75.58,189.83,-221.85
43434,36,right,2,Middle,Intermediate,-75.58,189.83,-221.85,-91.19,187.44,-238.40
43434,36,right,2,Middle,Distal,-91.19,187.44,-238.40,-100.70,186.65,-250.88
43434,36,right,3,Ring,Metacarpal,-24.84,206.09,-146.54,-60.31,210.35,-188.83
43434,36,right,3,Ring,Proximal,-60.31,210.35,-188.83,-84.33,205.86,-205.69
43434,36,right,3,Ring,Intermediate,-84.33,205.86,-205.69,-97.05,202.43,-215.80
43434,36,right,3,Ring,Distal,-97.05,202.43,-215.80,-105.43,200.35,-225.14
43434,36,right,4,Pinky,Metacarpal,-23.89,216.97,-143.49,-61.25,224.35,-177.77
43434,36,right,4,Pinky,Proximal,-61.25,224.35,-177.77,-79.48,225.72,-185.60
43434,36,right,4,Pinky,Intermediate,-79.48,225.72,-185.60,-92.79,227.58,-193.55
43434,36,right,4,Pinky,Distal,-92.79,227.58,-193.55,-101.44,229.74,-200.20
43435,36,right,0,Thumb,Metacarpal,-0.18,199.04,-156.07,-0.18,199.04,-156.07
43435,36,right,0,Thumb,Proximal,-0.18,199.04,-156.07,-1.84,170.05,-190.54
43435,36,right,0,Thumb,Intermediate,-1.84,170.05,-190.54,-4.52,155.49,-209.64
43435,36,right,0,Thumb,Distal,-4.52,155.49,-209.64,-7.63,147.09,-223.27
43435,36,right,1,Index,Metacarpal,-11.38,192.63,-150.41,-41.71,184.56,-207.34
43435,36,right,1,Index,Proximal,-41.71,184.56,-207.34,-58.90,176.03,-227.91
43435,36,right,1,Index,Intermediate,-58.90,176.03,-227.91,-69.34,170.76,-243.64
43435,36,right,1,Index,Distal,-69.34,170.76,-243.64,-77.33,167.24,-257.33
43435,36,right,2,Middle,Metacarpal,-18.32,196.63,-148.18,-52.67,194.66,-199.34
43435,36,right,2,Middle,Proximal,-52.67,194.66,-199.34,-75.30,188.76,-220.60
43435,36,right,2,Middle,Intermediate,-75.30,188.76,-220.60,-91.07,186.10,-237.06
43435,36,right,2,Middle,Distal,-91.07,186.10,-237.06,-100.73,185.12,-249.54
43435,36,right,3,Ring,Metacarpal,-24.47,205.57,-145.54,-60.06,209.58,-187.75
43435,36,right,3,Ring,Proximal,-60.06,209.58,-187.75,-84.09,204.81,-204.42
43435,36,right,3,Ring,Intermediate,-84.09,204.81,-204.42,-96.85,201.17,-214.37
43435,36,right,3,Ring,Distal,-96.85,201.17,-214.37,-105.32,198.91,-223.58
43435,36,right,4,Pinky,Metacarpal,-23.56,216.47,-142.52,-61.03,223.62,-176.73
43435,36,right,4,Pinky,Proximal,-61.03,223.62,-176.73,-79.40,224.95,-184.42
43435,36,right,4,Pinky,Intermediate,-79.40,224.95,-184.42,-92.76,226.81,-192.26
43435,36,right,4,Pinky,Distal,-92.76,226.81,-192.26,-101.41,228.96,-198.82
43436,36,right,0,Thumb,Metacarpal,0.12,198.50,-155.17,0.12,198.50,-155.17
43436,36,right,0,Thumb,Proximal,0.12,198.50,-155.17,-1.53,169.71,-189.66
43436,36,right,0,Thumb,Intermediate,-1.53,169.71,-189.66,-4.16,155.27,-208.75
43436,36,right,0,Thumb,Distal,-4.16,155.27,-208.75,-7.23,146.97,-222.35
43436,36,right,1,Index,Metacarpal,-11.07,192.10,-149.48,-41.54,183.86,-206.29
43436,36,right,1,Index,Proximal,-41.54,183.86,-206.29,-58.74,175.29,-226.85
43436,36,right,1,Index,Intermediate,-58.74,175.29,-226.85,-69.22,170.03,-242.54
43436,36,right,1,Index,Distal,-69.22,170.03,-242.54,-77.26,166.50,-256.21
43436,36,right,2,Middle,Metacarpal,-18.03,196.09,-147.25,-52.50,193.97,-198.30
43436,36,right,2,Middle,Proximal,-52.50,193.97,-198.30,-75.21,187.98,-219.46
43436,36,right,2,Middle,Intermediate,-75.21,187.98,-219.46,-91.13,185.27,-235.88
43436,36,right,2,Middle,Distal,-91.13,185.27,-235.88,-100.88,184.22,-248.36
43436,36,right,3,Ring,Metacarpal,-24.18,205.03,-144.62,-59.87,208.91,-186.73
43436,36,right,3,Ring,Proximal,-59.87,208.91,-186.73,-83.87,204.13,-203.37
43436,36,right,3,Ring,Intermediate,-83.87,204.13,-203.37,-96.63,200.49,-213.30
43436,36,right,3,Ring,Distal,-96.63,200.49,-213.30,-105.09,198.22,-222.49
43436,36,right,4,Pinky,Metacarpal,-23.25,215.95,-141.61,-60.81,222.99,-175.73
43436,36,right,4,Pinky,Proximal,-60.81,222.99,-175.73,-79.21,224.35,-183.32
43436,36,right,4,Pinky,Intermediate,-79.21,224.35,-183.32,-92.53,226.25,-191.11
43436,36,right,4,Pinky,Distal,-92.53,226.25,-191.11,-101.15,228.44,-197.66
43437,36,right,0,Thumb,Metacarpal,0.49,198.01,-154.25,0.49,198.01,-154.25
43437,36,right,0,Thumb,Proximal,0.49,198.01,-154.25,-1.04,169.27,-188.58
43437,36,right,0,Thumb,Intermediate,-1.04,169.27,-188.58,-3.56,154.82,-207.52
43437,36,right,0,Thumb,Distal,-3.56,154.82,-207.52,-6.57,146.49,-220.95
43437,36,right,1,Index,Metacarpal,-10.67,191.60,-148.50,-41.26,183.18,-205.16
43437,36,right,1,Index,Proximal,-41.26,183.18,-205.16,-58.51,174.51,-225.62
43437,36,right,1,Index,Intermediate,-58.51,174.51,-225.62,-69.08,169.23,-241.24
43437,36,right,1,Index,Distal,-69.08,169.23,-241.24,-77.22,165.64,-254.88
43437,36,right,2,Middle,Metacarpal,-17.64,195.59,-146.27,-52.24,193.28,-197.17
43437,36,right,2,Middle,Proximal,-52.24,193.28,-197.17,-75.07,187.23,-218.18
43437,36,right,2,Middle,Intermediate,-75.07,187.23,-218.18,-91.19,184.41,-234.48
43437,36,right,2,Middle,Distal,-91.19,184.41,-234.48,-101.07,183.22,-246.90
43437,36,right,3,Ring,Metacarpal,-23.83,204.53,-143.62,-59.62,208.25,-185.60
43437,36,right,3,Ring,Proximal,-59.62,208.25,-185.60,-83.61,203.31,-202.17
43437,36,right,3,Ring,Intermediate,-83.61,203.31,-202.17,-96.37,199.56,-212.01
43437,36,right,3,Ring,Distal,-96.37,199.56,-212.01,-104.83,197.19,-221.13
43437,36,right,4,Pinky,Metacarpal,-22.91,215.48,-140.63,-60.55,222.36,-174.62
43437,36,right,4,Pinky,Proximal,-60.55,222.36,-174.62,-78.99,223.73,-182.10
43437,36,right,4,Pinky,Intermediate,-78.99,223.73,-182.10,-92.26,225.65,-189.82
43437,36,right,4,Pinky,Distal,-92.26,225.65,-189.82,-100.82,227.85,-196.33
43438,36,right,0,Thumb,Metacarpal,1.12,197.80,-153.01,1.12,197.80,-153.01
43438,36,right,0,Thumb,Proximal,1.12,197.80,-153.01,-0.44,168.95,-187.10
43438,36,right,0,Thumb,Intermediate,-0.44,168.95,-187.10,-2.98,154.45,-205.78
43438,36,right,0,Thumb,Distal,-2.98,154.45,-205.78,-6.06,146.09,-219.01
43438,36,right,1,Index,Metacarpal,-10.01,191.38,-147.21,-40.69,182.73,-203.75
43438,36,right,1,Index,Proximal,-40.69,182.73,-203.75,-57.95,173.96,-224.14
43438,36,right,1,Index,Intermediate,-57.95,173.96,-224.14,-68.59,168.61,-239.74
43438,36,right,1,Index,Distal,-68.59,168.61,-239.74,-76.82,164.91,-253.35
43438,36,right,2,Middle,Metacarpal,-17.00,195.39,-144.98,-51.67,192.86,-195.77
43438,36,right,2,Middle,Proximal,-51.67,192.86,-195.77,-74.63,186.80,-216.66
43438,36,right,2,Middle,Intermediate,-74.63,186.80,-216.66,-90.85,183.90,-232.84
43438,36,right,2,Middle,Distal,-90.85,183.90,-232.84,-100.78,182.61,-245.21
43438,36,right,3,Ring,Metacarpal,-23.20,204.34,-142.33,-59.06,207.86,-184.23
43438,36,right,3,Ring,Proximal,-59.06,207.86,-184.23,-83.13,202.78,-200.77
43438,36,right,3,Ring,Intermediate,-83.13,202.78,-200.77,-95.95,198.93,-210.53
43438,36,right,3,Ring,Distal,-95.95,198.93,-210.53,-104.43,196.52,-219.60
43438,36,right,4,Pinky,Metacarpal,-22.28,215.32,-139.36,-59.98,222.03,-173.29
43438,36,right,4,Pinky,Proximal,-59.98,222.03,-173.29,-78.49,223.40,-180.77
43438,36,right,4,Pinky,Intermediate,-78.49,223.40,-180.77,-91.74,225.35,-188.48
43438,36,right,4,Pinky,Distal,-91.74,225.35,-188.48,-100.24,227.57,-194.98
43439,36,right,0,Thumb,Metacarpal,1.96,197.33,-151.65,1.96,197.33,-151.65
43439,36,right,0,Thumb,Proximal,1.96,197.33,-151.65,0.35,168.39,-185.48
43439,36,right,0,Thumb,Intermediate,0.35,168.39,-185.48,-2.23,153.86,-203.96
43439,36,right,0,Thumb,Distal,-2.23,153.86,-203.96,-5.36,145.51,-217.01
43439,36,right,1,Index,Metacarpal,-9.12,190.87,-145.76,-39.94,181.86,-202.10
43439,36,right,1,Index,Proximal,-39.94,181.86,-202.10,-57.25,172.91,-222.37
43439,36,right,1,Index,Intermediate,-57.25,172.91,-222.37,-67.99,167.47,-237.91
43439,36,right,1,Index,Distal,-67.99,167.47,-237.91,-76.30,163.69,-251.47
43439,36,right,2,Middle,Metacarpal,-16.13,194.87,-143.51,-50.94,191.99,-194.12
43439,36,right,2,Middle,Proximal,-50.94,191.99,-194.12,-73.97,185.57,-214.79
43439,36,right,2,Middle,Intermediate,-73.97,185.57,-214.79,-90.33,182.43,-230.89
43439,36,right,2,Middle,Distal,-90.33,182.43,-230.89,-100.37,181.03,-243.25
43439,36,right,3,Ring,Metacarpal,-22.36,203.84,-140.87,-58.35,207.04,-182.62
43439,36,right,3,Ring,Proximal,-58.35,207.04,-182.62,-82.53,201.73,-198.95
43439,36,right,3,Ring,Intermediate,-82.53,201.73,-198.95,-95.38,197.80,-208.53
43439,36,right,3,Ring,Distal,-95.38,197.80,-208.53,-103.87,195.33,-217.49
43439,36,right,4,Pinky,Metacarpal,-21.48,214.87,-137.93,-59.28,221.29,-171.72
43439,36,right,4,Pinky,Proximal,-59.28,221.29,-171.72,-77.89,222.65,-179.14
43439,36,right,4,Pinky,Intermediate,-77.89,222.65,-179.14,-91.08,224.67,-186.80
43439,36,right,4,Pinky,Distal,-91.08,224.67,-186.80,-99.48,226.99,-193.27
43440,36,right,0,Thumb,Metacarpal,2.85,196.45,-150.06,2.85,196.45,-150.06
43440,36,right,0,Thumb,Proximal,2.85,196.45,-150.06,1.09,167.48,-183.77
43440,36,right,0,Thumb,Intermediate,1.09,167.48,-183.77,-1.68,152.96,-202.22
43440,36,right,0,Thumb,Distal,-1.68,152.96,-202.22,-4.93,144.66,-215.26
43440,36,right,1,Index,Metacarpal,-8.21,189.98,-144.12,-39.15,180.65,-200.33
43440,36,right,1,Index,Proximal,-39.15,180.65,-200.33,-56.54,171.57,-220.59
43440,36,right,1,Index,Intermediate,-56.54,171.57,-220.59,-67.36,166.00,-236.05
43440,36,right,1,Index,Distal,-67.36,166.00,-236.05,-75.73,162.11,-249.55
43440,36,right,2,Middle,Metacarpal,-15.21,193.97,-141.88,-50.15,190.80,-192.39
43440,36,right,2,Middle,Proximal,-50.15,190.80,-192.39,-73.20,184.16,-213.06
43440,36,right,2,Middle,Intermediate,-73.20,184.16,-213.06,-89.59,180.85,-229.17
43440,36,right,2,Middle,Distal,-89.59,180.85,-229.17,-99.68,179.35,-241.53
43440,36,right,3,Ring,Metacarpal,-21.46,202.94,-139.25,-57.56,205.89,-180.92
43440,36,right,3,Ring,Proximal,-57.56,205.89,-180.92,-81.88,200.28,-197.13
43440,36,right,3,Ring,Intermediate,-81.88,200.28,-197.13,-94.86,196.15,-206.60
43440,36,right,3,Ring,Distal,-94.86,196.15,-206.60,-103.46,193.52,-215.50
43440,36,right,4,Pinky,Metacarpal,-20.56,214.01,-136.33,-58.46,220.20,-170.06
43440,36,right,4,Pinky,Proximal,-58.46,220.20,-170.06,-77.21,221.53,-177.31
43440,36,right,4,Pinky,Intermediate,-77.21,221.53,-177.31,-90.55,223.55,-184.76
43440,36,right,4,Pinky,Distal,-90.55,223.55,-184.76,-99.03,225.86,-191.11
43441,36,right,0,Thumb,Metacarpal,3.64,195.15,-148.33,3.64,195.15,-148.33
43441,36,right,0,Thumb,Proximal,3.64,195.15,-148.33,1.75,166.11,-181.86
43441,36,right,0,Thumb,Intermediate,1.75,166.11,-181.86,-1.14,151.63,-200.25
43441,36,right,0,Thumb,Distal,-1.14,151.63,-200.25,-4.47,143.42,-213.25
43441,36,right,1,Index,Metacarpal,-7.41,188.66,-142.38,-38.45,178.86,-198.46
43441,36,right,1,Index,Proximal,-38.45,178.86,-198.46,-55.98,169.59,-218.63
43441,36,right,1,Index,Intermediate,-55.98,169.59,-218.63,-66.94,163.78,-233.96
43441,36,right,1,Index,Distal,-66.94,163.78,-233.96,-75.43,159.66,-247.36
43441,36,right,2,Middle,Metacarpal,-14.41,192.66,-140.17,-49.43,189.05,-190.58
43441,36,right,2,Middle,Proximal,-49.43,189.05,-190.58,-72.45,182.19,-211.28
43441,36,right,2,Middle,Intermediate,-72.45,182.19,-211.28,-88.83,178.62,-227.37
43441,36,right,2,Middle,Distal,-88.83,178.62,-227.37,-98.93,176.92,-239.72
43441,36,right,3,Ring,Metacarpal,-20.65,201.65,-137.55,-56.83,204.23,-179.18
43441,36,right,3,Ring,Proximal,-56.83,204.23,-179.18,-81.25,198.37,-195.33
43441,36,right,3,Ring,Intermediate,-81.25,198.37,-195.33,-94.30,194.10,-204.74
43441,36,right,3,Ring,Distal,-94.30,194.10,-204.74,-102.95,191.32,-213.61
43441,36,right,4,Pinky,Metacarpal,-19.74,212.77,-134.69,-57.71,218.65,-168.38
43441,36,right,4,Pinky,Proximal,-57.71,218.65,-168.38,-76.55,219.93,-175.53
43441,36,right,4,Pinky,Intermediate,-76.55,219.93,-175.53,-89.98,221.91,-182.89
43441,36,right,4,Pinky,Distal,-89.98,221.91,-182.89,-98.52,224.12,-189.18
43442,36,right,0,Thumb,Metacarpal,4.42,193.14,-146.52,4.42,193.14,-146.52
43442,36,right,0,Thumb,Proximal,4.42,193.14,-146.52,2.35,164.37,-180.06
43442,36,right,0,Thumb,Intermediate,2.35,164.37,-180.06,-0.71,150.06,-198.50
43442,36,right,0,Thumb,Distal,-0.71,150.06,-198.50,-4.06,142.04,-211.53
43442,36,right,1,Index,Metacarpal,-6.65,186.67,-140.55,-37.73,176.60,-196.56
43442,36,right,1,Index,Proximal,-37.73,176.60,-196.56,-55.38,167.26,-216.76
43442,36,right,1,Index,Intermediate,-55.38,167.26,-216.76,-66.41,161.39,-231.96
43442,36,right,1,Index,Distal,-66.41,161.39,-231.96,-74.92,157.25,-245.27
43442,36,right,2,Middle,Metacarpal,-13.63,190.69,-138.38,-48.68,186.85,-188.76
43442,36,right,2,Middle,Proximal,-48.68,186.85,-188.76,-71.67,179.40,-209.42
43442,36,right,2,Middle,Intermediate,-71.67,179.40,-209.42,-88.08,175.30,-225.50
43442,36,right,2,Middle,Distal,-88.08,175.30,-225.50,-98.30,173.34,-237.88
43442,36,right,3,Ring,Metacarpal,-19.86,199.73,-135.80,-56.05,202.12,-177.42
43442,36,right,3,Ring,Proximal,-56.05,202.12,-177.42,-80.55,195.87,-193.23
43442,36,right,3,Ring,Intermediate,-80.55,195.87,-193.23,-93.71,191.22,-202.40
43442,36,right,3,Ring,Distal,-93.71,191.22,-202.40,-102.50,188.04,-211.17
43442,36,right,4,Pinky,Metacarpal,-18.91,210.85,-133.00,-56.88,216.60,-166.72
43442,36,right,4,Pinky,Proximal,-56.88,216.60,-166.72,-75.82,217.86,-173.68
43442,36,right,4,Pinky,Intermediate,-75.82,217.86,-173.68,-89.37,219.80,-180.88
43442,36,right,4,Pinky,Distal,-89.37,219.80,-180.88,-98.03,221.89,-187.09
43443,36,right,0,Thumb,Metacarpal,4.53,191.93,-145.07,4.53,191.93,-145.07
43443,36,right,0,Thumb,Proximal,4.53,191.93,-145.07,2.20,162.89,-178.37
43443,36,right,0,Thumb,Intermediate,2.20,162.89,-178.37,-1.09,148.46,-196.79
43443,36,right,0,Thumb,Distal,-1.09,148.46,-196.79,-4.64,140.34,-209.88
43443,36,right,1,Index,Metacarpal,-6.53,185.46,-139.11,-37.61,174.90,-195.03
43443,36,right,1,Index,Proximal,-37.61,174.90,-195.03,-55.27,165.57,-215.33
43443,36,right,1,Index,Intermediate,-55.27,165.57,-215.33,-66.28,159.76,-230.54
43443,36,right,1,Index,Distal,-66.28,159.76,-230.54,-74.74,155.67,-243.82
43443,36,right,2,Middle,Metacarpal,-13.50,189.45,-136.95,-48.57,185.15,-187.30
43443,36,right,2,Middle,Proximal,-48.57,185.15,-187.30,-71.35,177.30,-207.99
43443,36,right,2,Middle,Intermediate,-71.35,177.30,-207.99,-87.62,172.89,-224.06
43443,36,right,2,Middle,Distal,-87.62,172.89,-224.06,-97.82,170.67,-236.45
43443,36,right,3,Ring,Metacarpal,-19.73,198.50,-134.40,-55.94,200.50,-176.03
43443,36,right,3,Ring,Proximal,-55.94,200.50,-176.03,-80.53,193.81,-191.66
43443,36,right,3,Ring,Intermediate,-80.53,193.81,-191.66,-93.74,188.84,-200.68
43443,36,right,3,Ring,Distal,-93.74,188.84,-200.68,-102.59,185.41,-209.36
43443,36,right,4,Pinky,Metacarpal,-18.76,209.69,-131.66,-56.77,215.11,-165.41
43443,36,right,4,Pinky,Proximal,-56.77,215.11,-165.41,-75.80,216.18,-172.27
43443,36,right,4,Pinky,Intermediate,-75.80,216.18,-172.27,-89.45,217.80,-179.45
43443,36,right,4,Pinky,Distal,-89.45,217.80,-179.45,-98.19,219.55,-185.65
43444,36,right,0,Thumb,Metacarpal,4.50,190.04,-143.41,4.50,190.04,-143.41
43444,36,right,0,Thumb,Proximal,4.50,190.04,-143.41,2.04,161.13,-176.61
43444,36,right,0,Thumb,Intermediate,2.04,161.13,-176.61,-1.41,146.81,-195.03
43444,36,right,0,Thumb,Distal,-1.41,146.81,-195.03,-5.07,138.81,-208.11
43444,36,right,1,Index,Metacarpal,-6.57,183.60,-137.43,-37.66,172.79,-193.32
43444,36,right,1,Index,Proximal,-37.66,172.79,-193.32,-55.37,163.41,-213.72
43444,36,right,1,Index,Intermediate,-55.37,163.41,-213.72,-66.38,157.61,-228.93
43444,36,right,1,Index,Distal,-66.38,157.61,-228.93,-74.84,153.54,-242.19
43444,36,right,2,Middle,Metacarpal,-13.53,187.56,-135.31,-48.60,183.04,-185.64
43444,36,right,2,Middle,Proximal,-48.60,183.04,-185.64,-71.18,174.73,-206.36
43444,36,right,2,Middle,Intermediate,-71.18,174.73,-206.36,-87.38,169.85,-222.45
43444,36,right,2,Middle,Distal,-87.38,169.85,-222.45,-97.61,167.30,-234.87
43444,36,right,3,Ring,Metacarpal,-19.75,196.61,-132.80,-55.97,198.43,-174.44
43444,36,right,3,Ring,Proximal,-55.97,198.43,-174.44,-80.59,191.20,-189.75
43444,36,right,3,Ring,Intermediate,-80.59,191.20,-189.75,-93.83,185.79,-198.62
43444,36,right,3,Ring,Distal,-93.83,185.79,-198.62,-102.74,181.97,-207.24
43444,36,right,4,Pinky,Metacarpal,-18.77,207.83,-130.09,-56.79,213.10,-163.86
43444,36,right,4,Pinky,Proximal,-56.79,213.10,-163.86,-75.84,213.93,-170.65
43444,36,right,4,Pinky,Intermediate,-75.84,213.93,-170.65,-89.52,215.22,-177.82
43444,36,right,4,Pinky,Distal,-89.52,215.22,-177.82,-98.29,216.68,-184.02
43445,36,right,0,Thumb,Metacarpal,4.50,188.73,-141.71,4.50,188.73,-141.71
43445,36,right,0,Thumb,Proximal,4.50,188.73,-141.71,1.88,159.62,-174.50
43445,36,right,0,Thumb,Intermediate,1.88,159.62,-174.50,-1.66,145.26,-192.63
43445,36,right,0,Thumb,Distal,-1.66,145.26,-192.63,-5.37,137.22,-205.48
43445,36,right,1,Index,Metacarpal,-6.56,182.29,-135.71,-37.63,170.96,-191.49
43445,36,right,1,Index,Proximal,-37.63,170.96,-191.49,-55.36,161.45,-211.98
43445,36,right,1,Index,Intermediate,-55.36,161.45,-211.98,-66.39,155.56,-227.17
43445,36,right,1,Index,Distal,-66.39,155.56,-227.17,-74.86,151.40,-240.35
43445,36,right,2,Middle,Metacarpal,-13.51,186.25,-133.63,-48.57,181.25,-183.91
43445,36,right,2,Middle,Proximal,-48.57,181.25,-183.91,-71.04,172.73,-204.67
43445,36,right,2,Middle,Intermediate,-71.04,172.73,-204.67,-87.24,167.71,-220.77
43445,36,right,2,Middle,Distal,-87.24,167.71,-220.77,-97.47,165.04,-233.25
43445,36,right,3,Ring,Metacarpal,-19.72,195.32,-131.15,-55.95,196.74,-172.80
43445,36,right,3,Ring,Proximal,-55.95,196.74,-172.80,-80.63,189.01,-188.02
43445,36,right,3,Ring,Intermediate,-80.63,189.01,-188.02,-93.95,183.32,-196.85
43445,36,right,3,Ring,Distal,-93.95,183.32,-196.85,-102.96,179.32,-205.46
43445,36,right,4,Pinky,Metacarpal,-18.75,206.60,-128.50,-56.76,211.53,-162.31
43445,36,right,4,Pinky,Proximal,-56.76,211.53,-162.31,-75.96,212.08,-169.07
43445,36,right,4,Pinky,Intermediate,-75.96,212.08,-169.07,-89.75,213.09,-176.20
43445,36,right,4,Pinky,Distal,-89.75,213.09,-176.20,-98.60,214.36,-182.41
43446,36,right,0,Thumb,Metacarpal,4.71,187.45,-139.53,4.71,187.45,-139.53
43446,36,right,0,Thumb,Proximal,4.71,187.45,-139.53,2.10,158.11,-171.87
43446,36,right,0,Thumb,Intermediate,2.10,158.11,-171.87,-1.45,143.63,-189.68
43446,36,right,0,Thumb,Distal,-1.45,143.63,-189.68,-5.16,135.55,-202.26
43446,36,right,1,Index,Metacarpal,-6.33,180.97,-133.51,-37.38,168.88,-189.12
43446,36,right,1,Index,Proximal,-37.38,168.88,-189.12,-55.35,159.03,-209.34
43446,36,right,1,Index,Intermediate,-55.35,159.03,-209.34,-66.76,152.80,-224.20
43446,36,right,1,Index,Distal,-66.76,152.80,-224.20,-75.53,148.36,-237.09
43446,36,right,2,Middle,Metacarpal,-13.27,184.89,-131.48,-48.33,179.18,-181.65
43446,36,right,2,Middle,Proximal,-48.33,179.18,-181.65,-70.76,170.35,-202.46
43446,36,right,2,Middle,Intermediate,-70.76,170.35,-202.46,-86.95,165.07,-218.60
43446,36,right,2,Middle,Distal,-86.95,165.07,-218.60,-97.18,162.23,-231.10
43446,36,right,3,Ring,Metacarpal,-19.51,193.98,-129.04,-55.75,194.76,-170.66
43446,36,right,3,Ring,Proximal,-55.75,194.76,-170.66,-80.44,186.42,-185.83
43446,36,right,3,Ring,Intermediate,-80.44,186.42,-185.83,-93.78,180.46,-194.64
43446,36,right,3,Ring,Distal,-93.78,180.46,-194.64,-102.83,176.26,-203.26
43446,36,right,4,Pinky,Metacarpal,-18.57,205.34,-126.46,-56.62,209.71,-160.28
43446,36,right,4,Pinky,Proximal,-56.62,209.71,-160.28,-76.09,210.12,-167.00
43446,36,right,4,Pinky,Intermediate,-76.09,210.12,-167.00,-90.00,211.08,-174.07
43446,36,right,4,Pinky,Distal,-90.00,211.08,-174.07,-98.92,212.31,-180.25
43447,36,right,0,Thumb,Metacarpal,5.58,185.60,-136.85,5.58,185.60,-136.85
43447,36,right,0,Thumb,Proximal,5.58,185.60,-136.85,3.04,156.33,-169.00
43447,36,right,0,Thumb,Intermediate,3.04,156.33,-169.00,-0.48,141.78,-186.70
43447,36,right,0,Thumb,Distal,-0.48,141.78,-186.70,-4.16,133.69,-199.17
43447,36,right,1,Index,Metacarpal,-5.46,179.13,-130.78,-36.45,166.47,-186.25
43447,36,right,1,Index,Proximal,-36.45,166.47,-186.25,-54.48,156.54,-206.41
43447,36,right,1,Index,Intermediate,-54.48,156.54,-206.41,-65.91,150.33,-221.19
43447,36,right,1,Index,Distal,-65.91,150.33,-221.19,-74.66,145.92,-234.04
43447,36,right,2,Middle,Metacarpal,-12.39,183.06,-128.80,-47.41,176.82,-178.90
43447,36,right,2,Middle,Proximal,-47.41,176.82,-178.90,-69.80,167.35,-199.69
43447,36,right,2,Middle,Intermediate,-69.80,167.35,-199.69,-86.04,161.59,-215.91
43447,36,right,2,Middle,Distal,-86.04,161.59,-215.91,-96.29,158.50,-228.52
43447,36,right,3,Ring,Metacarpal,-18.66,192.18,-126.44,-54.87,192.51,-168.05
43447,36,right,3,Ring,Proximal,-54.87,192.51,-168.05,-79.55,183.64,-183.10
43447,36,right,3,Ring,Intermediate,-79.55,183.64,-183.10,-92.88,177.37,-191.84
43447,36,right,3,Ring,Distal,-92.88,177.37,-191.84,-101.93,172.90,-200.48
43447,36,right,4,Pinky,Metacarpal,-17.73,203.60,-123.93,-55.75,207.59,-157.79
43447,36,right,4,Pinky,Proximal,-55.75,207.59,-157.79,-75.41,207.89,-164.45
43447,36,right,4,Pinky,Intermediate,-75.41,207.89,-164.45,-89.35,208.86,-171.49
43447,36,right,4,Pinky,Distal,-89.35,208.86,-171.49,-98.22,210.07,-177.67
43448,36,right,0,Thumb,Metacarpal,6.68,183.16,-133.92,6.68,183.16,-133.92
43448,36,right,0,Thumb,Proximal,6.68,183.16,-133.92,4.18,154.21,-166.05
43448,36,right,0,Thumb,Intermediate,4.18,154.21,-166.05,0.64,139.86,-183.74
43448,36,right,0,Thumb,Distal,0.64,139.86,-183.74,-3.07,131.90,-196.19
43448,36,right,1,Index,Metacarpal,-4.37,176.71,-127.83,-35.34,164.04,-183.26
43448,36,right,1,Index,Proximal,-35.34,164.04,-183.26,-53.49,154.08,-203.41
43448,36,right,1,Index,Intermediate,-53.49,154.08,-203.41,-65.07,147.81,-218.15
43448,36,right,1,Index,Distal,-65.07,147.81,-218.15,-73.90,143.36,-231.01
43448,36,right,2,Middle,Metacarpal,-11.30,180.66,-125.88,-46.29,174.40,-175.95
43448,36,right,2,Middle,Proximal,-46.29,174.40,-175.95,-68.64,164.88,-196.77
43448,36,right,2,Middle,Intermediate,-68.64,164.88,-196.77,-84.88,159.02,-213.04
43448,36,right,2,Middle,Distal,-84.88,159.02,-213.04,-95.15,155.83,-225.79
43448,36,right,3,Ring,Metacarpal,-17.58,189.78,-123.55,-53.77,190.10,-165.14
43448,36,right,3,Ring,Proximal,-53.77,190.10,-165.14,-78.39,181.01,-179.99
43448,36,right,3,Ring,Intermediate,-78.39,181.01,-179.99,-91.69,174.49,-188.66
43448,36,right,3,Ring,Distal,-91.69,174.49,-188.66,-100.76,169.76,-197.34
43448,36,right,4,Pinky,Metacarpal,-16.66,201.21,-121.04,-54.65,205.19,-154.88
43448,36,right,4,Pinky,Proximal,-54.65,205.19,-154.88,-74.37,205.45,-161.53
43448,36,right,4,Pinky,Intermediate,-74.37,205.45,-161.53,-88.29,206.40,-168.57
43448,36,right,4,Pinky,Distal,-88.29,206.40,-168.57,-97.15,207.55,-174.74
43449,36,right,0,Thumb,Metacarpal,8.05,180.81,-130.08,8.05,180.81,-130.08
43449,36,right,0,Thumb,Proximal,8.05,180.81,-130.08,5.52,152.12,-162.24
43449,36,right,0,Thumb,Intermediate,5.52,152.12,-162.24,1.79,137.91,-179.90
43449,36,right,0,Thumb,Distal,1.79,137.91,-179.90,-2.14,130.00,-192.26
43449,36,right,1,Index,Metacarpal,-3.02,174.39,-124.02,-33.97,161.92,-179.47
43449,36,right,1,Index,Proximal,-33.97,161.92,-179.47,-52.17,152.12,-199.72
43449,36,right,1,Index,Intermediate,-52.17,152.12,-199.72,-63.79,145.94,-214.53
43449,36,right,1,Index,Distal,-63.79,145.94,-214.53,-72.68,141.52,-227.43
43449,36,right,2,Middle,Metacarpal,-9.94,178.35,-122.07,-44.91,172.28,-172.15
43449,36,right,2,Middle,Proximal,-44.91,172.28,-172.15,-67.09,162.65,-193.25
43449,36,right,2,Middle,Intermediate,-67.09,162.65,-193.25,-83.05,156.62,-209.86
43449,36,right,2,Middle,Distal,-83.05,156.62,-209.86,-93.10,153.23,-222.82
43449,36,right,3,Ring,Metacarpal,-16.24,187.44,-119.76,-52.40,187.92,-161.34
43449,36,right,3,Ring,Proximal,-52.40,187.92,-161.34,-76.80,178.54,-176.29
43449,36,right,3,Ring,Intermediate,-76.80,178.54,-176.29,-89.99,171.87,-185.25
43449,36,right,3,Ring,Distal,-89.99,171.87,-185.25,-99.07,167.08,-194.22
43449,36,right,4,Pinky,Metacarpal,-15.37,198.84,-117.19,-53.33,202.95,-151.01
43449,36,right,4,Pinky,Proximal,-53.33,202.95,-151.01,-73.03,203.01,-157.87
43449,36,right,4,Pinky,Intermediate,-73.03,203.01,-157.87,-86.90,203.69,-165.14
43449,36,right,4,Pinky,Distal,-86.90,203.69,-165.14,-95.71,204.63,-171.45
43450,36,right,0,Thumb,Metacarpal,9.33,178.25,-125.22,9.33,178.25,-125.22
43450,36,right,0,Thumb,Proximal,9.33,178.25,-125.22,6.82,150.18,-157.45
43450,36,right,0,Thumb,Intermediate,6.82,150.18,-157.45,3.05,136.09,-175.08
43450,36,right,0,Thumb,Distal,3.05,136.09,-175.08,-0.87,128.23,-187.35
43450,36,right,1,Index,Metacarpal,-1.78,171.99,-119.23,-32.78,160.25,-174.72
43450,36,right,1,Index,Proximal,-32.78,160.25,-174.72,-51.04,150.50,-195.04
43450,36,right,1,Index,Intermediate,-51.04,150.50,-195.04,-62.79,144.28,-209.90
43450,36,right,1,Index,Distal,-62.79,144.28,-209.90,-71.82,139.75,-222.86
43450,36,right,2,Middle,Metacarpal,-8.68,176.05,-117.30,-43.63,170.70,-167.37
43450,36,right,2,Middle,Proximal,-43.63,170.70,-167.37,-65.67,161.20,-188.70
43450,36,right,2,Middle,Intermediate,-65.67,161.20,-188.70,-81.45,155.18,-205.54
43450,36,right,2,Middle,Distal,-81.45,155.18,-205.54,-91.30,151.85,-218.61
43450,36,right,3,Ring,Metacarpal,-15.03,185.20,-114.97,-51.11,186.33,-156.51
43450,36,right,3,Ring,Proximal,-51.11,186.33,-156.51,-75.29,176.70,-171.55
43450,36,right,3,Ring,Intermediate,-75.29,176.70,-171.55,-88.45,169.99,-180.75
43450,36,right,3,Ring,Distal,-88.45,169.99,-180.75,-97.56,165.21,-189.93
43450,36,right,4,Pinky,Metacarpal,-14.19,196.50,-112.26,-52.05,201.21,-146.02
43450,36,right,4,Pinky,Proximal,-52.05,201.21,-146.02,-71.59,201.05,-153.20
43450,36,right,4,Pinky,Intermediate,-71.59,201.05,-153.20,-85.33,201.51,-160.76
43450,36,right,4,Pinky,Distal,-85.33,201.51,-160.76,-94.09,202.25,-167.23
43451,36,right,0,Thumb,Metacarpal,11.18,176.06,-119.36,11.18,176.06,-119.36
43451,36,right,0,Thumb,Proximal,11.18,176.06,-119.36,8.83,148.59,-151.62
43451,36,right,0,Thumb,Intermediate,8.83,148.59,-151.62,5.36,134.50,-169.10
43451,36,right,0,Thumb,Distal,5.36,134.50,-169.10,1.90,126.51,-181.07
43451,36,right,1,Index,Metacarpal,0.12,169.72,-113.45,-31.00,158.67,-168.88
43451,36,right,1,Index,Proximal,-31.00,158.67,-168.88,-49.33,149.29,-189.21
43451,36,right,1,Index,Intermediate,-49.33,149.29,-189.21,-61.28,143.43,-204.18
43451,36,right,1,Index,Distal,-61.28,143.43,-204.18,-70.53,139.11,-217.32
43451,36,right,2,Middle,Metacarpal,-6.80,173.75,-111.53,-41.86,168.99,-161.45
43451,36,right,2,Middle,Proximal,-41.86,168.99,-161.45,-63.64,159.46,-183.10
43451,36,right,2,Middle,Intermediate,-63.64,159.46,-183.10,-79.14,153.46,-200.40
43451,36,right,2,Middle,Distal,-79.14,153.46,-200.40,-88.68,150.16,-213.78
43451,36,right,3,Ring,Metacarpal,-13.25,182.86,-109.09,-49.43,184.44,-150.40
43451,36,right,3,Ring,Proximal,-49.43,184.44,-150.40,-73.36,175.35,-165.84
43451,36,right,3,Ring,Intermediate,-73.36,175.35,-165.84,-86.32,169.21,-175.49
43451,36,right,3,Ring,Distal,-86.32,169.21,-175.49,-95.24,164.94,-184.87
43451,36,right,4,Pinky,Metacarpal,-12.58,194.15,-106.12,-50.50,199.21,-139.61
43451,36,right,4,Pinky,Proximal,-50.50,199.21,-139.61,-69.77,199.00,-147.17
43451,36,right,4,Pinky,Intermediate,-69.77,199.00,-147.17,-83.23,199.47,-154.89
43451,36,right,4,Pinky,Distal,-83.23,199.47,-154.89,-91.71,200.30,-161.42
43452,36,right,0,Thumb,Metacarpal,13.18,175.40,-113.01,13.18,175.40,-113.01
43452,36,right,0,Thumb,Proximal,13.18,175.40,-113.01,10.77,147.92,-145.04
43452,36,right,0,Thumb,Intermediate,10.77,147.92,-145.04,7.15,133.91,-162.11
43452,36,right,0,Thumb,Distal,7.15,133.91,-162.11,3.25,126.05,-173.70
43452,36,right,1,Index,Metacarpal,2.10,169.03,-107.13,-29.08,158.00,-162.47
43452,36,right,1,Index,Proximal,-29.08,158.00,-162.47,-47.28,148.62,-182.84
43452,36,right,1,Index,Intermediate,-47.28,148.62,-182.84,-59.02,142.83,-198.08
43452,36,right,1,Index,Distal,-59.02,142.83,-198.08,-68.07,138.54,-211.45
43452,36,right,2,Middle,Metacarpal,-4.80,173.07,-105.19,-39.93,168.31,-155.00
43452,36,right,2,Middle,Proximal,-39.93,168.31,-155.00,-61.70,159.11,-176.76
43452,36,right,2,Middle,Intermediate,-61.70,159.11,-176.76,-77.10,153.62,-194.27
43452,36,right,2,Middle,Distal,-77.10,153.62,-194.27,-86.35,150.67,-207.92
43452,36,right,3,Ring,Metacarpal,-11.28,182.19,-102.69,-47.52,183.76,-143.89
43452,36,right,3,Ring,Proximal,-47.52,183.76,-143.89,-71.38,175.27,-160.23
43452,36,right,3,Ring,Intermediate,-71.38,175.27,-160.23,-84.16,169.91,-170.52
43452,36,right,3,Ring,Distal,-84.16,169.91,-170.52,-92.82,166.44,-180.22
43452,36,right,4,Pinky,Metacarpal,-10.65,193.49,-99.67,-48.63,198.52,-133.05
43452,36,right,4,Pinky,Proximal,-48.63,198.52,-133.05,-67.82,198.21,-141.35
43452,36,right,4,Pinky,Intermediate,-67.82,198.21,-141.35,-81.01,198.75,-150.01
43452,36,right,4,Pinky,Distal,-81.01,198.75,-150.01,-89.11,199.74,-157.13
43453,36,right,0,Thumb,Metacarpal,15.81,173.08,-104.86,15.81,173.08,-104.86
43453,36,right,0,Thumb,Proximal,15.81,173.08,-104.86,13.32,146.42,-137.31
43453,36,right,0,Thumb,Intermediate,13.32,146.42,-137.31,9.61,132.89,-154.76
43453,36,right,0,Thumb,Distal,9.61,132.89,-154.76,5.65,125.29,-166.57
43453,36,right,1,Index,Metacarpal,4.77,166.69,-99.07,-26.67,156.09,-154.29
43453,36,right,1,Index,Proximal,-26.67,156.09,-154.29,-44.87,146.99,-174.74
43453,36,right,1,Index,Intermediate,-44.87,146.99,-174.74,-56.75,141.43,-190.36
43453,36,right,1,Index,Distal,-56.75,141.43,-190.36,-66.05,137.26,-204.20
43453,36,right,2,Middle,Metacarpal,-2.15,170.75,-97.10,-37.50,166.38,-146.73
43453,36,right,2,Middle,Proximal,-37.50,166.38,-146.73,-59.10,157.52,-168.87
43453,36,right,2,Middle,Intermediate,-59.10,157.52,-168.87,-74.02,152.43,-186.94
43453,36,right,2,Middle,Distal,-74.02,152.43,-186.94,-82.82,149.90,-200.84
43453,36,right,3,Ring,Metacarpal,-8.66,179.84,-94.49,-45.07,181.73,-135.47
43453,36,right,3,Ring,Proximal,-45.07,181.73,-135.47,-68.28,174.11,-152.90
43453,36,right,3,Ring,Intermediate,-68.28,174.11,-152.90,-80.38,169.62,-164.00
43453,36,right,3,Ring,Distal,-80.38,169.62,-164.00,-88.46,166.97,-174.10
43453,36,right,4,Pinky,Metacarpal,-8.07,191.13,-91.32,-46.18,196.42,-124.45
43453,36,right,4,Pinky,Proximal,-46.18,196.42,-124.45,-64.92,196.50,-133.77
43453,36,right,4,Pinky,Intermediate,-64.92,196.50,-133.77,-77.18,198.16,-143.36
43453,36,right,4,Pinky,Distal,-77.18,198.16,-143.36,-84.51,200.29,-150.87
43454,36,right,0,Thumb,Metacarpal,18.74,171.44,-96.51,18.74,171.44,-96.51
43454,36,right,0,Thumb,Proximal,18.74,171.44,-96.51,15.97,145.17,-129.11
43454,36,right,0,Thumb,Intermediate,15.97,145.17,-129.11,12.12,131.72,-146.70
43454,36,right,0,Thumb,Distal,12.12,131.72,-146.70,8.13,124.22,-158.59
43454,36,right,1,Index,Metacarpal,7.57,165.11,-90.84,-23.92,154.97,-146.14
43454,36,right,1,Index,Proximal,-23.92,154.97,-146.14,-42.11,146.26,-167.04
43454,36,right,1,Index,Intermediate,-42.11,146.26,-167.04,-53.97,141.20,-183.32
43454,36,right,1,Index,Distal,-53.97,141.20,-183.32,-63.29,137.47,-197.58
43454,36,right,2,Middle,Metacarpal,0.64,169.22,-88.89,-34.73,165.29,-138.57
43454,36,right,2,Middle,Proximal,-34.73,165.29,-138.57,-56.33,157.51,-160.95
43454,36,right,2,Middle,Intermediate,-56.33,157.51,-160.95,-71.16,153.37,-179.25
43454,36,right,2,Middle,Distal,-71.16,153.37,-179.25,-79.78,151.54,-193.19
43454,36,right,3,Ring,Metacarpal,-5.87,178.30,-86.28,-42.28,180.59,-127.26
43454,36,right,3,Ring,Proximal,-42.28,180.59,-127.26,-65.00,173.82,-145.95
43454,36,right,3,Ring,Intermediate,-65.00,173.82,-145.95,-76.61,170.16,-157.81
43454,36,right,3,Ring,Distal,-76.61,170.16,-157.81,-84.07,168.35,-168.34
43454,36,right,4,Pinky,Metacarpal,-5.27,189.54,-83.06,-43.37,195.18,-116.17
43454,36,right,4,Pinky,Proximal,-43.37,195.18,-116.17,-61.20,195.52,-126.97
43454,36,right,4,Pinky,Intermediate,-61.20,195.52,-126.97,-72.43,197.71,-137.79
43454,36,right,4,Pinky,Distal,-72.43,197.71,-137.79,-78.86,200.37,-146.08
43455,36,right,0,Thumb,Metacarpal,22.54,169.28,-87.44,22.54,169.28,-87.44
43455,36,right,0,Thumb,Proximal,22.54,169.28,-87.44,19.43,144.18,-120.35
43455,36,right,0,Thumb,Intermediate,19.43,144.18,-120.35,15.45,131.64,-138.30
43455,36,right,0,Thumb,Distal,15.45,131.64,-138.30,11.19,124.91,-150.17
43455,36,right,1,Index,Metacarpal,11.15,163.18,-81.81,-20.68,153.85,-137.09
43455,36,right,1,Index,Proximal,-20.68,153.85,-137.09,-38.57,145.38,-158.22
43455,36,right,1,Index,Intermediate,-38.57,145.38,-158.22,-50.05,140.66,-175.25
43455,36,right,1,Index,Distal,-50.05,140.66,-175.25,-58.79,137.31,-190.34
43455,36,right,2,Middle,Metacarpal,4.29,167.40,-79.87,-31.30,164.33,-129.49
43455,36,right,2,Middle,Proximal,-31.30,164.33,-129.49,-53.36,158.21,-151.85
43455,36,right,2,Middle,Intermediate,-53.36,158.21,-151.85,-68.04,155.65,-170.20
43455,36,right,2,Middle,Distal,-68.04,155.65,-170.20,-76.22,154.98,-184.16
43455,36,right,3,Ring,Metacarpal,-2.14,176.60,-77.24,-38.62,179.73,-118.13
43455,36,right,3,Ring,Proximal,-38.62,179.73,-118.13,-61.05,175.12,-137.64
43455,36,right,3,Ring,Intermediate,-61.05,175.12,-137.64,-72.03,172.91,-149.89
43455,36,right,3,Ring,Distal,-72.03,172.91,-149.89,-78.61,172.25,-160.49
43455,36,right,4,Pinky,Metacarpal,-1.30,187.85,-73.90,-39.39,194.35,-106.91
43455,36,right,4,Pinky,Proximal,-39.39,194.35,-106.91,-56.27,195.10,-119.32
43455,36,right,4,Pinky,Intermediate,-56.27,195.10,-119.32,-66.50,197.83,-131.45
43455,36,right,4,Pinky,Distal,-66.50,197.83,-131.45,-72.01,200.91,-140.48
43456,36,right,0,Thumb,Metacarpal,26.37,167.21,-77.38,26.37,167.21,-77.38
43456,36,right,0,Thumb,Proximal,26.37,167.21,-77.38,22.77,143.22,-110.87
43456,36,right,0,Thumb,Intermediate,22.77,143.22,-110.87,18.67,131.33,-129.19
43456,36,right,0,Thumb,Distal,18.67,131.33,-129.19,14.28,125.07,-141.29
43456,36,right,1,Index,Metacarpal,14.51,161.69,-72.14,-17.44,153.82,-127.61
43456,36,right,1,Index,Proximal,-17.44,153.82,-127.61,-34.92,146.02,-149.34
43456,36,right,1,Index,Intermediate,-34.92,146.02,-149.34,-45.74,141.70,-167.15
43456,36,right,1,Index,Distal,-45.74,141.70,-167.15,-53.81,138.63,-182.91
43456,36,right,2,Middle,Metacarpal,7.71,166.21,-70.26,-27.75,164.74,-120.07
43456,36,right,2,Middle,Proximal,-27.75,164.74,-120.07,-50.67,161.03,-142.23
43456,36,right,2,Middle,Intermediate,-50.67,161.03,-142.23,-65.35,159.88,-160.35
43456,36,right,2,Middle,Distal,-65.35,159.88,-160.35,-73.09,160.06,-174.06
43456,36,right,3,Ring,Metacarpal,1.60,175.61,-67.64,-34.55,180.35,-108.71
43456,36,right,3,Ring,Proximal,-34.55,180.35,-108.71,-56.55,177.94,-129.56
43456,36,right,3,Ring,Intermediate,-56.55,177.94,-129.56,-66.76,176.88,-142.34
43456,36,right,3,Ring,Distal,-66.76,176.88,-142.34,-72.34,177.13,-153.07
43456,36,right,4,Pinky,Metacarpal,3.06,186.75,-64.27,-34.59,194.90,-97.44
43456,36,right,4,Pinky,Proximal,-34.59,194.90,-97.44,-50.17,196.27,-111.61
43456,36,right,4,Pinky,Intermediate,-50.17,196.27,-111.61,-59.21,199.44,-124.92
43456,36,right,4,Pinky,Distal,-59.21,199.44,-124.92,-63.69,202.86,-134.63
43457,36,right,0,Thumb,Metacarpal,30.92,165.18,-66.62,30.92,165.18,-66.62
43457,36,right,0,Thumb,Proximal,30.92,165.18,-66.62,26.37,142.09,-100.75
43457,36,right,0,Thumb,Intermediate,26.37,142.09,-100.75,21.93,131.04,-119.83
43457,36,right,0,Thumb,Distal,21.93,131.04,-119.83,17.40,125.31,-132.33
43457,36,right,1,Index,Metacarpal,18.52,160.23,-61.61,-13.61,154.13,-117.38
43457,36,right,1,Index,Proximal,-13.61,154.13,-117.38,-30.53,146.88,-139.54
43457,36,right,1,Index,Intermediate,-30.53,146.88,-139.54,-40.52,142.76,-157.87
43457,36,right,1,Index,Distal,-40.52,142.76,-157.87,-47.81,139.82,-174.16
43457,36,right,2,Middle,Metacarpal,11.92,165.06,-59.86,-23.49,165.45,-109.90
43457,36,right,2,Middle,Proximal,-23.49,165.45,-109.90,-46.87,163.66,-131.97
43457,36,right,2,Middle,Intermediate,-46.87,163.66,-131.97,-61.32,163.76,-149.94
43457,36,right,2,Middle,Distal,-61.32,163.76,-149.94,-68.71,164.75,-163.33
43457,36,right,3,Ring,Metacarpal,6.12,174.58,-57.29,-29.76,181.15,-98.52
43457,36,right,3,Ring,Proximal,-29.76,181.15,-98.52,-51.37,180.80,-120.50
43457,36,right,3,Ring,Intermediate,-51.37,180.80,-120.50,-60.90,180.80,-133.84
43457,36,right,3,Ring,Distal,-60.90,180.80,-133.84,-65.61,181.85,-144.75
43457,36,right,4,Pinky,Metacarpal,7.99,185.52,-53.85,-29.28,195.48,-87.13
43457,36,right,4,Pinky,Proximal,-29.28,195.48,-87.13,-43.21,197.54,-102.63
43457,36,right,4,Pinky,Intermediate,-43.21,197.54,-102.63,-50.72,201.02,-116.86
43457,36,right,4,Pinky,Distal,-50.72,201.02,-116.86,-54.06,204.61,-127.05
43458,36,right,0,Thumb,Metacarpal,35.96,162.33,-54.94,35.96,162.33,-54.94
43458,36,right,0,Thumb,Proximal,35.96,162.33,-54.94,29.90,141.14,-89.92
43458,36,right,0,Thumb,Intermediate,29.90,141.14,-89.92,24.89,131.30,-109.53
43458,36,right,0,Thumb,Distal,24.89,131.30,-109.53,20.14,126.91,-122.09
43458,36,right,1,Index,Metacarpal,23.04,158.29,-49.84,-9.93,154.16,-105.49
43458,36,right,1,Index,Proximal,-9.93,154.16,-105.49,-26.05,148.39,-128.18
43458,36,right,1,Index,Intermediate,-26.05,148.39,-128.18,-34.98,145.31,-147.28
43458,36,right,1,Index,Distal,-34.98,145.31,-147.28,-41.16,143.18,-164.39
43458,36,right,2,Middle,Metacarpal,16.80,163.50,-48.28,-19.04,166.05,-98.16
43458,36,right,2,Middle,Proximal,-19.04,166.05,-98.16,-42.49,166.21,-120.09
43458,36,right,2,Middle,Intermediate,-42.49,166.21,-120.09,-56.41,167.63,-138.12
43458,36,right,2,Middle,Distal,-56.41,167.63,-138.12,-63.17,169.32,-151.48
43458,36,right,3,Ring,Metacarpal,11.47,173.27,-45.71,-24.41,182.01,-86.72
43458,36,right,3,Ring,Proximal,-24.41,182.01,-86.72,-45.21,184.04,-109.26
43458,36,right,3,Ring,Intermediate,-45.21,184.04,-109.26,-53.66,185.00,-122.99
43458,36,right,3,Ring,Distal,-53.66,185.00,-122.99,-57.25,186.64,-133.88
43458,36,right,4,Pinky,Metacarpal,13.97,184.04,-42.08,-23.04,196.23,-75.11
43458,36,right,4,Pinky,Proximal,-23.04,196.23,-75.11,-35.83,199.56,-91.80
43458,36,right,4,Pinky,Intermediate,-35.83,199.56,-91.80,-42.00,203.64,-106.88
43458,36,right,4,Pinky,Distal,-42.00,203.64,-106.88,-44.28,207.48,-117.35
43459,36,right,0,Thumb,Metacarpal,41.93,159.48,-42.84,41.93,159.48,-42.84
43459,36,right,0,Thumb,Proximal,41.93,159.48,-42.84,33.27,140.44,-78.99
43459,36,right,0,Thumb,Intermediate,33.27,140.44,-78.99,27.42,131.99,-99.33
43459,36,right,0,Thumb,Distal,27.42,131.99,-99.33,22.57,128.77,-112.40
43459,36,right,1,Index,Metacarpal,28.42,156.37,-37.83,-5.39,154.79,-93.01
43459,36,right,1,Index,Proximal,-5.39,154.79,-93.01,-20.84,150.66,-116.52
43459,36,right,1,Index,Intermediate,-20.84,150.66,-116.52,-28.80,148.67,-136.20
43459,36,right,1,Index,Distal,-28.80,148.67,-136.20,-34.20,147.36,-153.81
43459,36,right,2,Middle,Metacarpal,22.65,162.10,-36.26,-13.45,167.38,-85.62
43459,36,right,2,Middle,Proximal,-13.45,167.38,-85.62,-36.95,169.39,-107.37
43459,36,right,2,Middle,Intermediate,-36.95,169.39,-107.37,-50.49,171.88,-125.28
43459,36,right,2,Middle,Distal,-50.49,171.88,-125.28,-57.01,174.02,-138.61
43459,36,right,3,Ring,Metacarpal,18.08,172.29,-33.49,-17.50,183.72,-74.00
43459,36,right,3,Ring,Proximal,-17.50,183.72,-74.00,-37.94,187.92,-96.85
43459,36,right,3,Ring,Intermediate,-37.94,187.92,-96.85,-45.79,189.80,-110.51
43459,36,right,3,Ring,Distal,-45.79,189.80,-110.51,-48.67,191.95,-121.24
43459,36,right,4,Pinky,Metacarpal,21.55,182.87,-29.71,-14.81,197.80,-62.23
43459,36,right,4,Pinky,Proximal,-14.81,197.80,-62.23,-26.72,202.76,-79.43
43459,36,right,4,Pinky,Intermediate,-26.72,202.76,-79.43,-31.74,207.97,-94.34
43459,36,right,4,Pinky,Distal,-31.74,207.97,-94.34,-32.97,212.48,-104.37
43460,36,right,0,Thumb,Metacarpal,47.58,155.87,-29.19,47.58,155.87,-29.19
43460,36,right,0,Thumb,Proximal,47.58,155.87,-29.19,36.99,139.58,-66.39
43460,36,right,0,Thumb,Intermediate,36.99,139.58,-66.39,30.41,133.06,-87.36
43460,36,right,0,Thumb,Distal,30.41,133.06,-87.36,25.42,131.44,-100.74
43460,36,right,1,Index,Metacarpal,34.09,153.54,-24.15,-0.32,155.39,-78.32
43460,36,right,1,Index,Proximal,-0.32,155.39,-78.32,-15.41,153.82,-102.36
43460,36,right,1,Index,Intermediate,-15.41,153.82,-102.36,-22.42,153.53,-122.61
43460,36,right,1,Index,Distal,-22.42,153.53,-122.61,-26.98,153.56,-140.96
43460,36,right,2,Middle,Metacarpal,28.64,159.98,-22.41,-7.46,168.66,-70.66
43460,36,right,2,Middle,Proximal,-7.46,168.66,-70.66,-30.80,172.90,-92.38
43460,36,right,2,Middle,Intermediate,-30.80,172.90,-92.38,-43.94,176.87,-110.41
43460,36,right,2,Middle,Distal,-43.94,176.87,-110.41,-49.67,179.86,-123.91
43460,36,right,3,Ring,Metacarpal,24.74,170.59,-19.16,-10.26,185.16,-58.53
43460,36,right,3,Ring,Proximal,-10.26,185.16,-58.53,-29.90,191.85,-81.71
43460,36,right,3,Ring,Intermediate,-29.90,191.85,-81.71,-36.82,194.66,-95.50
43460,36,right,3,Ring,Distal,-36.82,194.66,-95.50,-38.78,197.34,-106.17
43460,36,right,4,Pinky,Metacarpal,28.93,180.91,-15.03,-6.47,198.86,-46.41
43460,36,right,4,Pinky,Proximal,-6.47,198.86,-46.41,-16.95,206.31,-64.00
43460,36,right,4,Pinky,Intermediate,-16.95,206.31,-64.00,-19.94,212.79,-78.45
43460,36,right,4,Pinky,Distal,-19.94,212.79,-78.45,-19.45,217.81,-87.75
43461,36,right,0,Thumb,Metacarpal,51.81,151.98,-15.17,51.81,151.98,-15.17
43461,36,right,0,Thumb,Proximal,51.81,151.98,-15.17,40.01,138.53,-52.83
43461,36,right,0,Thumb,Intermediate,40.01,138.53,-52.83,32.95,134.25,-74.26
43461,36,right,0,Thumb,Distal,32.95,134.25,-74.26,27.89,134.65,-87.96
43461,36,right,1,Index,Metacarpal,38.51,150.57,-9.95,3.89,155.97,-62.76
43461,36,right,1,Index,Proximal,3.89,155.97,-62.76,-10.63,157.50,-86.95
43461,36,right,1,Index,Intermediate,-10.63,157.50,-86.95,-16.26,159.66,-107.14
43461,36,right,1,Index,Distal,-16.26,159.66,-107.14,-18.94,161.67,-125.42
43461,36,right,2,Middle,Metacarpal,33.29,157.89,-7.84,-2.28,170.09,-54.73
43461,36,right,2,Middle,Proximal,-2.28,170.09,-54.73,-24.71,175.64,-76.62
43461,36,right,2,Middle,Intermediate,-24.71,175.64,-76.62,-35.95,180.27,-94.87
43461,36,right,2,Middle,Distal,-35.95,180.27,-94.87,-40.39,183.49,-108.61
43461,36,right,3,Ring,Metacarpal,30.32,169.11,-4.09,-3.50,186.92,-42.19
43461,36,right,3,Ring,Proximal,-3.50,186.92,-42.19,-22.10,195.64,-65.73
43461,36,right,3,Ring,Intermediate,-22.10,195.64,-65.73,-27.89,199.24,-79.44
43461,36,right,3,Ring,Distal,-27.89,199.24,-79.44,-28.66,202.37,-89.93
43461,36,right,4,Pinky,Metacarpal,35.65,179.25,0.13,1.88,200.33,-30.05
43461,36,right,4,Pinky,Proximal,1.88,200.33,-30.05,-7.36,209.32,-47.12
43461,36,right,4,Pinky,Intermediate,-7.36,209.32,-47.12,-8.97,215.90,-61.07
43461,36,right,4,Pinky,Distal,-8.97,215.90,-61.07,-7.26,220.81,-69.77
43462,36,right,0,Thumb,Metacarpal,56.82,148.33,-0.56,56.82,148.33,-0.56
43462,36,right,0,Thumb,Proximal,56.82,148.33,-0.56,44.25,138.27,-39.34
43462,36,right,0,Thumb,Intermediate,44.25,138.27,-39.34,37.08,136.46,-61.45
43462,36,right,0,Thumb,Distal,37.08,136.46,-61.45,32.30,138.49,-75.34
43462,36,right,1,Index,Metacarpal,43.33,148.05,5.09,9.08,157.44,-47.57
43462,36,right,1,Index,Proximal,9.08,157.44,-47.57,-4.83,161.76,-71.91
43462,36,right,1,Index,Intermediate,-4.83,161.76,-71.91,-9.16,166.14,-92.03
43462,36,right,1,Index,Distal,-9.16,166.14,-92.03,-10.66,170.06,-110.33
43462,36,right,2,Middle,Metacarpal,38.38,155.67,7.15,3.65,171.75,-39.36
43462,36,right,2,Middle,Proximal,3.65,171.75,-39.36,-17.63,180.40,-61.42
43462,36,right,2,Middle,Intermediate,-17.63,180.40,-61.42,-27.28,187.09,-79.65
43462,36,right,2,Middle,Distal,-27.28,187.09,-79.65,-30.65,191.21,-93.68
43462,36,right,3,Ring,Metacarpal,36.19,166.89,11.04,3.60,188.18,-26.51
43462,36,right,3,Ring,Proximal,3.60,188.18,-26.51,-14.18,198.99,-49.87
43462,36,right,3,Ring,Intermediate,-14.18,198.99,-49.87,-19.18,203.52,-63.17
43462,36,right,3,Ring,Distal,-19.18,203.52,-63.17,-19.38,207.12,-73.56
43462,36,right,4,Pinky,Metacarpal,42.12,176.41,15.29,9.81,200.74,-14.23
43462,36,right,4,Pinky,Proximal,9.81,200.74,-14.23,1.90,211.80,-30.83
43462,36,right,4,Pinky,Intermediate,1.90,211.80,-30.83,1.76,219.21,-44.15
43462,36,right,4,Pinky,Distal,1.76,219.21,-44.15,4.55,224.18,-52.35
